-- phpMyAdmin SQL Dump
-- version 4.8.4
-- https://www.phpmyadmin.net/
--
-- Host: 127.0.0.1
-- Generation Time: Nov 20, 2022 at 10:27 AM
-- Server version: 10.1.37-MariaDB
-- PHP Version: 7.3.0

SET SQL_MODE = "NO_AUTO_VALUE_ON_ZERO";
SET AUTOCOMMIT = 0;
START TRANSACTION;
SET time_zone = "+00:00";


/*!40101 SET @OLD_CHARACTER_SET_CLIENT=@@CHARACTER_SET_CLIENT */;
/*!40101 SET @OLD_CHARACTER_SET_RESULTS=@@CHARACTER_SET_RESULTS */;
/*!40101 SET @OLD_COLLATION_CONNECTION=@@COLLATION_CONNECTION */;
/*!40101 SET NAMES utf8mb4 */;

--
-- Database: `db_pythomy`
--

-- --------------------------------------------------------

--
-- Table structure for table `tbl_answerlogs`
--

CREATE TABLE `tbl_answerlogs` (
  `fld_id` int(11) NOT NULL,
  `fld_cid` int(11) NOT NULL,
  `fld_lessonid` int(11) NOT NULL,
  `fld_result` varchar(50) NOT NULL,
  `fld_timestamp` datetime NOT NULL
) ENGINE=InnoDB DEFAULT CHARSET=latin1;

--
-- Dumping data for table `tbl_answerlogs`
--

INSERT INTO `tbl_answerlogs` (`fld_id`, `fld_cid`, `fld_lessonid`, `fld_result`, `fld_timestamp`) VALUES
(470, 1189, 0, 'OK', '2019-05-16 09:37:28'),
(471, 1189, 1, 'OK', '2019-05-16 09:43:57'),
(472, 1189, 2, 'OK', '2019-05-16 09:44:29'),
(473, 1189, 3, 'OK', '2019-05-16 09:45:27'),
(474, 1189, 4, 'OK', '2019-05-16 09:46:48'),
(475, 1189, 5, 'OK', '2019-05-16 09:47:29'),
(476, 1189, 6, 'OK', '2019-05-16 09:49:25'),
(477, 1189, 7, 'OK', '2019-05-16 09:51:45'),
(478, 1189, 8, 'OK', '2019-05-16 09:54:14'),
(479, 1189, 9, 'OK', '2019-05-16 09:56:01'),
(480, 1189, 10, 'OK', '2019-05-16 09:57:49'),
(481, 1189, 11, 'OK', '2019-05-16 09:58:41'),
(482, 1189, 12, 'OK', '2019-05-16 10:03:34'),
(483, 1189, 13, 'OK', '2019-05-16 10:04:10'),
(484, 1189, 14, 'OK', '2019-05-16 10:04:50'),
(485, 1189, 15, 'OK', '2019-05-16 10:05:34'),
(486, 1189, 16, 'OK', '2019-05-16 10:08:05'),
(518, 1193, 0, 'OK', '2019-05-16 17:25:50'),
(526, 1212, 0, 'OK', '2019-05-21 10:23:46'),
(527, 1213, 0, 'OK', '2019-05-21 10:40:32'),
(528, 1213, 1, 'OK', '2019-05-21 10:41:10'),
(537, 1189, 17, 'OK', '2019-05-25 22:39:15'),
(555, 1230, 0, 'OK', '2019-05-28 08:55:17'),
(556, 1230, 1, 'OK', '2019-05-28 08:56:00'),
(557, 1230, 2, 'OK', '2019-05-28 08:58:49'),
(558, 1231, 0, 'OK', '2019-05-28 13:58:55'),
(559, 1231, 1, 'OK', '2019-05-28 14:06:07'),
(560, 1231, 1, 'OK', '2019-05-28 14:06:07'),
(561, 1232, 0, 'OK', '2019-05-29 05:41:11'),
(563, 1234, 0, 'OK', '2019-05-31 15:08:27'),
(564, 1234, 1, 'OK', '2019-05-31 15:09:30'),
(565, 1234, 2, 'OK', '2019-05-31 15:12:37'),
(566, 1232, 1, 'OK', '2019-06-01 20:21:53'),
(570, 1237, 0, 'OK', '2019-06-04 11:18:01'),
(571, 1237, 1, 'OK', '2019-06-04 11:20:42'),
(572, 1237, 1, 'OK', '2019-06-04 11:20:42'),
(574, 1242, 0, 'OK', '2019-06-09 20:47:14'),
(578, 1244, 0, 'OK', '2019-06-16 10:45:26'),
(579, 1244, 0, 'OK', '2019-06-16 10:45:27'),
(580, 1244, 1, 'OK', '2019-06-16 10:46:11'),
(581, 1247, 0, 'OK', '2019-06-17 16:58:32'),
(582, 1247, 1, 'OK', '2019-06-17 17:03:23'),
(583, 1247, 2, 'OK', '2019-06-17 17:04:51'),
(584, 1248, 0, 'OK', '2019-06-20 08:03:02'),
(585, 1248, 1, 'OK', '2019-06-20 08:04:15'),
(586, 1249, 0, 'OK', '2019-06-22 22:42:11'),
(587, 1249, 1, 'OK', '2019-06-23 18:47:33'),
(588, 1255, 0, 'OK', '2019-07-30 19:38:54'),
(589, 1255, 1, 'OK', '2019-07-30 19:42:12'),
(590, 1255, 2, 'OK', '2019-07-30 19:45:08'),
(591, 1255, 3, 'OK', '2019-07-30 19:48:57'),
(592, 1255, 4, 'OK', '2019-07-30 19:51:42'),
(605, 1254, 0, 'OK', '2019-08-25 16:02:30'),
(606, 1254, 1, 'OK', '2019-08-25 16:03:04'),
(607, 1254, 2, 'OK', '2019-08-25 23:32:22'),
(608, 1254, 3, 'OK', '2019-08-25 23:38:17'),
(609, 1254, 4, 'OK', '2019-08-25 23:39:54'),
(610, 1254, 5, 'OK', '2019-08-26 15:19:00'),
(611, 1266, 0, 'OK', '2019-09-06 06:04:00'),
(612, 1266, 1, 'OK', '2019-09-06 06:06:00'),
(613, 1266, 2, 'OK', '2019-09-06 07:32:16'),
(615, 1271, 0, 'OK', '2019-10-30 20:16:17'),
(616, 1271, 1, 'OK', '2019-10-30 20:19:10'),
(617, 1271, 2, 'OK', '2019-10-30 20:23:24'),
(618, 1271, 3, 'OK', '2019-10-30 20:36:09'),
(619, 1271, 4, 'OK', '2019-10-30 20:39:04'),
(620, 1271, 5, 'OK', '2019-10-30 20:45:06'),
(621, 1273, 0, 'OK', '2019-11-03 04:37:38'),
(622, 1273, 1, 'OK', '2019-11-03 04:47:12'),
(623, 1273, 2, 'OK', '2019-11-03 04:48:38'),
(624, 1271, 6, 'OK', '2019-11-08 20:58:12'),
(625, 1271, 7, 'OK', '2019-11-10 17:29:31'),
(626, 1271, 8, 'OK', '2019-11-10 19:57:56'),
(627, 1271, 9, 'OK', '2019-11-10 20:06:08'),
(628, 1271, 10, 'OK', '2019-11-10 20:14:35'),
(629, 1271, 11, 'OK', '2019-11-10 20:21:16'),
(630, 1271, 12, 'OK', '2019-11-11 00:05:29'),
(631, 1271, 13, 'OK', '2019-11-11 00:35:24'),
(632, 1271, 14, 'OK', '2019-11-11 05:32:42'),
(633, 1271, 15, 'OK', '2019-11-11 05:54:15'),
(634, 1271, 16, 'OK', '2019-11-11 06:18:16'),
(635, 1271, 17, 'OK', '2019-11-12 18:11:37'),
(637, 1276, 0, 'OK', '2020-01-12 13:21:12'),
(638, 1278, 0, 'OK', '2020-01-18 10:45:40'),
(639, 1278, 1, 'OK', '2020-01-18 10:52:49'),
(640, 1278, 2, 'OK', '2020-01-22 00:32:02'),
(641, 1189, 18, 'OK', '2020-04-18 19:43:30'),
(642, 1266, 3, 'OK', '2020-04-18 20:06:35'),
(643, 1266, 4, 'OK', '2020-04-18 20:07:07'),
(644, 1266, 5, 'OK', '2020-04-18 20:10:08'),
(645, 1266, 6, 'OK', '2020-04-18 20:12:38'),
(646, 1266, 7, 'OK', '2020-04-18 20:14:23'),
(647, 1266, 8, 'OK', '2020-04-18 20:15:49'),
(648, 1266, 9, 'OK', '2020-04-18 20:17:59'),
(649, 1266, 10, 'OK', '2020-04-18 20:19:04'),
(650, 1266, 11, 'OK', '2020-04-18 20:19:40'),
(651, 1266, 12, 'OK', '2020-04-18 20:20:19'),
(652, 1266, 13, 'OK', '2020-04-18 20:20:46'),
(653, 1266, 14, 'OK', '2020-04-18 20:21:12'),
(654, 1266, 15, 'OK', '2020-04-18 20:24:53'),
(655, 1266, 18, 'OK', '2020-04-18 20:27:12'),
(656, 1281, 0, 'OK', '2020-04-19 12:55:50'),
(657, 1282, 0, 'OK', '2020-04-20 19:40:01'),
(658, 1266, 0, 'OK', '2020-04-21 11:26:55'),
(659, 1266, 0, 'OK', '2020-04-21 11:27:18'),
(660, 1285, 0, 'OK', '2020-04-21 22:39:17'),
(661, 1290, 0, 'OK', '2020-05-14 09:55:33'),
(662, 1294, 0, 'OK', '2020-05-17 15:55:00'),
(663, 1294, 1, 'OK', '2020-05-17 16:07:37'),
(664, 1295, 0, 'OK', '2020-05-17 18:45:26'),
(665, 1295, 1, 'OK', '2020-05-17 18:48:53'),
(666, 1276, 1, 'OK', '2020-05-17 18:58:51'),
(667, 1276, 2, 'OK', '2020-05-17 19:05:15'),
(668, 1295, 2, 'OK', '2020-05-17 19:27:02'),
(669, 1296, 0, 'OK', '2020-05-18 23:24:39'),
(670, 1296, 1, 'OK', '2020-05-18 23:29:35'),
(671, 1296, 1, 'OK', '2020-05-18 23:29:36'),
(672, 1297, 0, 'OK', '2020-05-18 23:30:24'),
(673, 1297, 0, 'OK', '2020-05-18 23:30:24'),
(674, 1297, 1, 'OK', '2020-05-18 23:31:53'),
(675, 1297, 2, 'OK', '2020-05-18 23:34:13'),
(676, 1297, 3, 'OK', '2020-05-18 23:37:33'),
(677, 1298, 0, 'OK', '2020-05-19 13:04:01'),
(678, 1298, 1, 'OK', '2020-05-19 13:05:43'),
(679, 1305, 0, 'OK', '2020-05-24 10:32:55'),
(680, 1290, 1, 'OK', '2020-05-24 22:39:37'),
(681, 1306, 0, 'OK', '2020-05-25 17:44:42'),
(682, 1306, 1, 'OK', '2020-05-25 17:47:38'),
(683, 1306, 2, 'OK', '2020-05-25 19:41:42'),
(684, 1306, 3, 'OK', '2020-05-25 19:46:22'),
(685, 1306, 4, 'OK', '2020-05-25 19:49:29'),
(686, 1307, 0, 'OK', '2020-05-28 08:20:42'),
(687, 1308, 0, 'OK', '2020-05-30 09:39:26'),
(688, 1315, 0, 'OK', '2020-06-03 21:33:25'),
(689, 1316, 0, 'OK', '2020-06-04 02:53:53'),
(690, 1317, 0, 'OK', '2020-06-04 17:38:42'),
(691, 1317, 1, 'OK', '2020-06-04 17:40:00'),
(692, 1318, 0, 'OK', '2020-06-04 21:24:30'),
(693, 1318, 1, 'OK', '2020-06-04 21:25:42'),
(694, 1318, 2, 'OK', '2020-06-04 21:35:39'),
(695, 1318, 3, 'OK', '2020-06-04 21:43:11'),
(696, 1318, 4, 'OK', '2020-06-04 21:48:09'),
(697, 1317, 2, 'OK', '2020-06-05 11:00:51'),
(698, 1318, 5, 'OK', '2020-06-05 16:44:45'),
(699, 1318, 6, 'OK', '2020-06-05 17:22:41'),
(700, 1320, 0, 'OK', '2020-06-05 18:07:34'),
(701, 1320, 1, 'OK', '2020-06-05 18:08:46'),
(702, 1320, 2, 'OK', '2020-06-05 18:12:15'),
(703, 1320, 3, 'OK', '2020-06-05 18:18:47'),
(704, 1320, 4, 'OK', '2020-06-05 21:54:46'),
(705, 1320, 5, 'OK', '2020-06-06 13:19:35'),
(706, 1276, 3, 'OK', '2020-06-07 18:51:12'),
(707, 1276, 4, 'OK', '2020-06-07 18:51:38'),
(708, 1276, 5, 'OK', '2020-06-07 18:52:27'),
(709, 1276, 6, 'OK', '2020-06-07 18:56:18'),
(710, 1276, 7, 'OK', '2020-06-07 19:03:38'),
(711, 1276, 8, 'OK', '2020-06-07 19:07:43'),
(712, 1276, 9, 'OK', '2020-06-07 19:09:04'),
(713, 1276, 10, 'OK', '2020-06-07 19:10:30'),
(714, 1276, 11, 'OK', '2020-06-07 19:11:22'),
(715, 1276, 12, 'OK', '2020-06-07 19:12:21'),
(716, 1276, 13, 'OK', '2020-06-07 19:12:46'),
(717, 1276, 14, 'OK', '2020-06-07 19:13:10'),
(718, 1276, 15, 'OK', '2020-06-07 19:14:27'),
(719, 1276, 18, 'OK', '2020-06-07 19:14:48'),
(720, 1321, 0, 'OK', '2020-06-07 20:14:30'),
(721, 1321, 1, 'OK', '2020-06-07 20:15:45'),
(722, 1321, 2, 'OK', '2020-06-07 20:18:30'),
(723, 1302, 0, 'OK', '2020-06-11 21:16:17'),
(724, 1302, 1, 'OK', '2020-06-11 21:17:54'),
(725, 1302, 2, 'OK', '2020-06-11 21:20:47'),
(726, 1337, 0, 'OK', '2020-06-14 06:50:22'),
(727, 1339, 0, 'OK', '2020-06-17 04:58:11'),
(728, 1339, 1, 'OK', '2020-06-17 05:14:11'),
(729, 1339, 2, 'OK', '2020-06-18 00:24:01'),
(730, 1339, 3, 'OK', '2020-06-18 00:33:40'),
(731, 1339, 4, 'OK', '2020-06-18 00:36:16'),
(732, 1339, 5, 'OK', '2020-06-18 00:41:40'),
(733, 1340, 0, 'OK', '2020-06-20 23:09:44'),
(734, 1350, 0, 'OK', '2020-06-30 11:55:42'),
(735, 1350, 1, 'OK', '2020-06-30 11:58:51'),
(736, 1351, 0, 'OK', '2020-07-02 03:26:04'),
(737, 1351, 1, 'OK', '2020-07-02 03:33:13'),
(738, 1351, 0, 'OK', '2020-07-03 02:44:55'),
(739, 1351, 0, 'OK', '2020-07-03 02:45:57'),
(740, 1351, 0, 'OK', '2020-07-03 02:45:57'),
(741, 1352, 0, 'OK', '2020-07-04 11:04:59'),
(742, 1352, 1, 'OK', '2020-07-04 11:10:33'),
(743, 1352, 2, 'OK', '2020-07-04 11:13:20'),
(744, 1352, 3, 'OK', '2020-07-04 11:18:17'),
(745, 1352, 4, 'OK', '2020-07-04 11:22:09'),
(746, 1352, 5, 'OK', '2020-07-04 11:26:10'),
(747, 1352, 6, 'OK', '2020-07-04 12:07:25'),
(748, 1356, 0, 'OK', '2020-07-06 22:01:25'),
(749, 1320, 6, 'OK', '2020-07-11 03:00:26'),
(750, 1357, 0, 'OK', '2020-07-14 06:55:49'),
(751, 1357, 1, 'OK', '2020-07-14 07:15:33'),
(752, 1357, 2, 'OK', '2020-07-14 07:20:28'),
(753, 1358, 0, 'OK', '2020-07-15 17:57:52'),
(754, 1358, 1, 'OK', '2020-07-15 18:02:19'),
(755, 1358, 2, 'OK', '2020-07-16 06:31:23'),
(756, 1358, 2, 'OK', '2020-07-16 06:31:23'),
(757, 1358, 2, 'OK', '2020-07-16 06:31:27'),
(758, 1358, 3, 'OK', '2020-07-16 06:38:27'),
(759, 1358, 4, 'OK', '2020-07-16 06:41:58'),
(760, 1359, 0, 'OK', '2020-07-16 21:25:25'),
(761, 1352, 7, 'OK', '2020-07-25 06:27:35'),
(762, 1352, 8, 'OK', '2020-07-25 06:31:44'),
(763, 1383, 0, 'OK', '2020-08-07 12:23:23'),
(764, 1383, 1, 'OK', '2020-08-07 12:35:05'),
(765, 1383, 2, 'OK', '2020-08-07 12:39:55'),
(766, 1379, 0, 'OK', '2020-08-22 10:06:50'),
(767, 1379, 1, 'OK', '2020-08-29 09:26:56'),
(768, 1379, 2, 'OK', '2020-08-29 09:27:33'),
(769, 1379, 3, 'OK', '2020-08-29 09:29:20'),
(770, 1379, 4, 'OK', '2020-08-29 09:29:45'),
(771, 1379, 5, 'OK', '2020-08-29 09:31:36'),
(772, 1379, 6, 'OK', '2020-08-29 10:03:16'),
(773, 1379, 7, 'OK', '2020-08-29 10:06:09'),
(774, 1387, 0, 'OK', '2020-08-30 01:41:38'),
(775, 1389, 0, 'OK', '2020-08-30 10:21:46'),
(776, 1391, 0, 'OK', '2020-09-02 10:36:50'),
(777, 1391, 1, 'OK', '2020-09-02 10:40:14'),
(778, 1393, 0, 'OK', '2020-09-02 20:12:31'),
(779, 1393, 1, 'OK', '2020-09-02 20:13:15'),
(780, 1393, 2, 'OK', '2020-09-02 20:22:46'),
(781, 1398, 0, 'OK', '2020-09-03 22:44:13'),
(782, 1398, 1, 'OK', '2020-09-03 22:50:28'),
(783, 1398, 2, 'OK', '2020-09-03 22:52:26'),
(784, 1398, 3, 'OK', '2020-09-03 22:57:51'),
(785, 1398, 4, 'OK', '2020-09-03 23:00:40'),
(786, 1398, 5, 'OK', '2020-09-03 23:05:35'),
(787, 1398, 6, 'OK', '2020-09-03 23:31:29'),
(788, 1392, 0, 'OK', '2020-09-05 09:56:27'),
(789, 1402, 0, 'OK', '2020-09-05 18:32:10'),
(790, 1402, 1, 'OK', '2020-09-05 18:34:18'),
(791, 1402, 2, 'OK', '2020-09-05 18:39:12'),
(792, 1402, 3, 'OK', '2020-09-05 18:47:24'),
(793, 1402, 4, 'OK', '2020-09-05 19:16:13'),
(794, 1402, 5, 'OK', '2020-09-06 09:02:26'),
(795, 1404, 0, 'OK', '2020-09-06 20:39:08'),
(796, 1406, 0, 'OK', '2020-09-10 08:01:07'),
(797, 1406, 1, 'OK', '2020-09-10 08:02:24'),
(798, 1406, 2, 'OK', '2020-09-10 08:06:26'),
(799, 1406, 2, 'OK', '2020-09-10 08:06:51'),
(800, 1406, 2, 'OK', '2020-09-10 08:06:51'),
(801, 1406, 2, 'OK', '2020-09-10 08:06:51'),
(802, 1406, 2, 'OK', '2020-09-10 08:06:54'),
(803, 1407, 0, 'OK', '2020-09-15 20:29:56'),
(804, 1407, 1, 'OK', '2020-09-15 20:59:52'),
(805, 1407, 1, 'OK', '2020-09-15 20:59:53'),
(806, 1189, 19, 'OK', '2020-09-18 14:24:39'),
(808, 1266, 16, 'OK', '2020-09-18 18:56:22'),
(809, 1266, 17, 'OK', '2020-09-18 18:57:01'),
(810, 1266, 19, 'OK', '2020-09-18 18:57:38'),
(811, 1315, 1, 'OK', '2020-09-18 19:08:19'),
(812, 1315, 2, 'OK', '2020-09-18 19:09:06'),
(813, 1315, 3, 'OK', '2020-09-18 19:10:29'),
(814, 1315, 4, 'OK', '2020-09-18 19:11:02'),
(815, 1315, 5, 'OK', '2020-09-18 19:12:21'),
(816, 1315, 6, 'OK', '2020-09-18 19:15:41'),
(817, 1315, 7, 'OK', '2020-09-18 19:18:30'),
(819, 1315, 8, 'OK', '2020-09-18 19:32:10'),
(820, 1315, 9, 'OK', '2020-09-18 19:34:17'),
(821, 1315, 10, 'OK', '2020-09-18 19:37:05'),
(822, 1315, 11, 'OK', '2020-09-18 19:38:22'),
(823, 1315, 12, 'OK', '2020-09-18 19:39:35'),
(824, 1315, 13, 'OK', '2020-09-18 19:40:06'),
(825, 1315, 14, 'OK', '2020-09-18 19:40:37'),
(826, 1315, 15, 'OK', '2020-09-18 19:42:57'),
(827, 1315, 18, 'OK', '2020-09-18 19:43:22'),
(828, 1315, 16, 'OK', '2020-09-18 19:43:44'),
(829, 1315, 17, 'OK', '2020-09-18 19:45:40'),
(830, 1315, 19, 'OK', '2020-09-18 19:47:23'),
(831, 1394, 0, 'OK', '2020-09-19 16:55:41'),
(832, 1394, 1, 'OK', '2020-09-19 16:58:55'),
(833, 1276, 16, 'OK', '2020-09-20 11:07:58'),
(837, 1276, 17, 'OK', '2020-09-26 12:47:48'),
(838, 1276, 19, 'OK', '2020-09-26 12:48:11'),
(840, 1395, 0, 'OK', '2020-09-28 20:08:49'),
(841, 1395, 1, 'OK', '2020-09-28 20:09:51'),
(842, 1410, 0, 'OK', '2020-09-30 15:04:15'),
(843, 1410, 1, 'OK', '2020-09-30 15:08:28'),
(844, 1410, 2, 'OK', '2020-09-30 15:14:59'),
(845, 1410, 3, 'OK', '2020-09-30 15:20:09'),
(846, 1410, 4, 'OK', '2020-09-30 15:21:03'),
(847, 1410, 5, 'OK', '2020-09-30 15:23:29'),
(848, 1415, 0, 'OK', '2020-10-03 12:02:09'),
(849, 1415, 1, 'OK', '2020-10-03 12:03:49'),
(850, 1416, 0, 'OK', '2020-10-03 21:04:31'),
(851, 1276, 20, 'OK', '2020-10-04 07:19:04'),
(852, 1276, 21, 'OK', '2020-10-04 07:36:08'),
(854, 1417, 0, 'OK', '2020-10-04 18:22:39'),
(857, 1425, 0, 'OK', '2020-10-10 23:13:15'),
(858, 1189, 20, 'OK', '2020-10-11 16:41:41'),
(859, 1189, 21, 'OK', '2020-10-11 16:42:32'),
(860, 1189, 22, 'OK', '2020-10-11 16:42:57'),
(861, 1288, 0, 'OK', '2020-10-13 04:52:52'),
(862, 1288, 1, 'OK', '2020-10-13 04:53:39'),
(863, 1426, 0, 'OK', '2020-10-14 17:31:36'),
(864, 1426, 1, 'OK', '2020-10-14 17:32:54'),
(865, 1426, 1, 'OK', '2020-10-14 17:32:55'),
(866, 1426, 2, 'OK', '2020-10-22 12:52:49'),
(867, 1426, 3, 'OK', '2020-10-22 12:56:45'),
(868, 1276, 22, 'OK', '2020-10-24 08:41:44'),
(869, 1276, 23, 'OK', '2020-10-24 08:48:11'),
(870, 1276, 24, 'OK', '2020-10-24 08:50:20'),
(871, 1426, 4, 'OK', '2020-10-24 19:17:58'),
(872, 1430, 0, 'OK', '2020-10-26 18:26:54'),
(873, 1431, 0, 'OK', '2020-10-27 13:29:59'),
(874, 1431, 1, 'OK', '2020-10-27 13:31:03'),
(875, 1426, 5, 'OK', '2020-11-01 06:13:30'),
(876, 1426, 6, 'OK', '2020-11-01 23:26:16'),
(877, 1351, 2, 'OK', '2020-11-08 01:40:47'),
(878, 1351, 3, 'OK', '2020-11-08 01:44:51'),
(879, 1351, 4, 'OK', '2020-11-08 01:47:12'),
(880, 1351, 5, 'OK', '2020-11-08 01:51:03'),
(881, 1189, 23, 'OK', '2020-11-08 09:36:43'),
(882, 1266, 20, 'OK', '2020-11-08 10:00:03'),
(883, 1266, 21, 'OK', '2020-11-08 10:00:37'),
(884, 1266, 22, 'OK', '2020-11-08 10:01:05'),
(885, 1351, 6, 'OK', '2020-11-08 18:44:45'),
(886, 1189, 24, 'OK', '2020-11-21 08:02:06'),
(887, 1266, 23, 'OK', '2020-11-21 08:04:40'),
(888, 1266, 24, 'OK', '2020-11-21 08:05:02'),
(889, 1315, 20, 'OK', '2020-11-21 19:30:53'),
(890, 1315, 21, 'OK', '2020-11-21 19:31:36'),
(891, 1315, 22, 'OK', '2020-11-21 19:33:41'),
(892, 1439, 0, 'OK', '2020-11-22 06:11:19'),
(893, 1439, 1, 'OK', '2020-11-22 06:12:10'),
(894, 1439, 1, 'OK', '2020-11-22 06:12:10'),
(895, 1439, 1, 'OK', '2020-11-22 06:12:10'),
(896, 1439, 1, 'OK', '2020-11-22 06:12:10'),
(897, 1439, 1, 'OK', '2020-11-22 06:12:10'),
(898, 1439, 1, 'OK', '2020-11-22 06:12:11'),
(899, 1439, 1, 'OK', '2020-11-22 06:12:16'),
(900, 1439, 1, 'OK', '2020-11-22 06:12:16'),
(901, 1439, 2, 'OK', '2020-11-22 06:21:51'),
(902, 1439, 2, 'OK', '2020-11-22 06:21:51'),
(903, 1439, 2, 'OK', '2020-11-22 06:21:51'),
(904, 1439, 2, 'OK', '2020-11-22 06:21:51'),
(905, 1439, 2, 'OK', '2020-11-22 06:21:51'),
(906, 1439, 2, 'OK', '2020-11-22 06:21:52'),
(907, 1439, 2, 'OK', '2020-11-22 06:21:52'),
(908, 1439, 2, 'OK', '2020-11-22 06:21:52'),
(909, 1439, 2, 'OK', '2020-11-22 06:21:52'),
(910, 1439, 2, 'OK', '2020-11-22 06:21:52'),
(911, 1439, 2, 'OK', '2020-11-22 06:21:52'),
(912, 1439, 2, 'OK', '2020-11-22 06:21:52'),
(913, 1439, 2, 'OK', '2020-11-22 06:21:52'),
(914, 1439, 2, 'OK', '2020-11-22 06:21:52'),
(915, 1439, 2, 'OK', '2020-11-22 06:21:52'),
(916, 1439, 2, 'OK', '2020-11-22 06:21:53'),
(917, 1439, 2, 'OK', '2020-11-22 06:21:53'),
(918, 1439, 2, 'OK', '2020-11-22 06:21:53'),
(919, 1439, 2, 'OK', '2020-11-22 06:21:53'),
(920, 1439, 2, 'OK', '2020-11-22 06:21:53'),
(921, 1439, 2, 'OK', '2020-11-22 06:21:53'),
(922, 1439, 2, 'OK', '2020-11-22 06:21:53'),
(923, 1439, 2, 'OK', '2020-11-22 06:21:53'),
(924, 1439, 2, 'OK', '2020-11-22 06:21:53'),
(925, 1439, 2, 'OK', '2020-11-22 06:21:54'),
(926, 1439, 2, 'OK', '2020-11-22 06:21:54'),
(927, 1439, 2, 'OK', '2020-11-22 06:21:54'),
(928, 1439, 2, 'OK', '2020-11-22 06:21:54'),
(929, 1439, 2, 'OK', '2020-11-22 06:21:54'),
(930, 1439, 2, 'OK', '2020-11-22 06:21:54'),
(931, 1439, 2, 'OK', '2020-11-22 06:21:54'),
(932, 1439, 2, 'OK', '2020-11-22 06:21:55'),
(933, 1439, 2, 'OK', '2020-11-22 06:21:55'),
(934, 1439, 2, 'OK', '2020-11-22 06:21:55'),
(935, 1439, 2, 'OK', '2020-11-22 06:21:55'),
(936, 1439, 2, 'OK', '2020-11-22 06:21:55'),
(937, 1439, 2, 'OK', '2020-11-22 06:21:56'),
(938, 1439, 2, 'OK', '2020-11-22 06:21:56'),
(939, 1439, 2, 'OK', '2020-11-22 06:21:56'),
(940, 1439, 2, 'OK', '2020-11-22 06:21:56'),
(941, 1439, 2, 'OK', '2020-11-22 06:21:57'),
(942, 1439, 2, 'OK', '2020-11-22 06:21:57'),
(943, 1439, 2, 'OK', '2020-11-22 06:21:57'),
(944, 1439, 2, 'OK', '2020-11-22 06:21:57'),
(945, 1439, 2, 'OK', '2020-11-22 06:21:57'),
(946, 1439, 2, 'OK', '2020-11-22 06:21:58'),
(947, 1439, 3, 'OK', '2020-11-24 22:29:29'),
(948, 1441, 0, 'OK', '2020-11-28 09:17:24'),
(949, 1443, 0, 'OK', '2020-11-30 20:46:18'),
(953, 1443, 1, 'OK', '2020-11-30 22:00:22'),
(954, 1443, 2, 'OK', '2020-11-30 22:00:49'),
(955, 1443, 3, 'OK', '2020-11-30 22:37:19'),
(956, 1443, 4, 'OK', '2020-11-30 22:37:40'),
(957, 1444, 0, 'OK', '2020-12-01 17:52:53'),
(958, 1439, 4, 'OK', '2020-12-06 10:46:13'),
(959, 1450, 0, 'OK', '2020-12-11 12:26:13'),
(960, 1450, 1, 'OK', '2020-12-11 12:29:41'),
(961, 1450, 2, 'OK', '2020-12-11 15:13:56'),
(962, 1450, 0, 'OK', '2020-12-11 15:25:29'),
(963, 1443, 5, 'OK', '2020-12-12 16:31:53'),
(964, 1189, 25, 'OK', '2020-12-13 14:36:31'),
(967, 1315, 25, 'OK', '2020-12-13 18:32:33'),
(968, 1315, 24, 'OK', '2020-12-13 18:39:21'),
(969, 1443, 24, 'OK', '2020-12-20 07:27:46'),
(970, 1443, 25, 'OK', '2020-12-20 07:30:46'),
(971, 1426, 7, 'OK', '2021-01-09 02:03:06'),
(972, 1426, 8, 'OK', '2021-01-09 02:24:30'),
(973, 1426, 9, 'OK', '2021-01-09 02:47:04'),
(974, 1426, 10, 'OK', '2021-01-09 23:14:20'),
(975, 1426, 11, 'OK', '2021-01-09 23:18:33'),
(976, 1426, 12, 'OK', '2021-01-09 23:29:39'),
(977, 1426, 13, 'OK', '2021-01-09 23:43:26'),
(978, 1426, 14, 'OK', '2021-01-09 23:47:33'),
(979, 1463, 0, 'OK', '2021-01-17 10:15:54'),
(980, 1463, 0, 'OK', '2021-01-17 23:16:34'),
(981, 1464, 0, 'OK', '2021-01-19 06:33:45'),
(982, 1464, 1, 'OK', '2021-01-19 07:02:38'),
(983, 1464, 2, 'OK', '2021-01-19 07:18:34'),
(984, 1464, 3, 'OK', '2021-01-20 03:34:43'),
(985, 1464, 4, 'OK', '2021-01-20 05:17:50'),
(986, 1464, 5, 'OK', '2021-01-20 06:25:38'),
(987, 1465, 0, 'OK', '2021-01-20 20:53:19'),
(988, 1465, 1, 'OK', '2021-01-20 20:55:43'),
(989, 1308, 1, 'OK', '2021-02-09 20:52:55'),
(990, 1308, 2, 'OK', '2021-02-09 21:12:05'),
(992, 1439, 23, 'OK', '2021-02-15 20:12:30'),
(993, 1475, 0, 'OK', '2021-02-23 04:36:30'),
(994, 1476, 0, 'OK', '2021-03-04 16:58:04'),
(995, 1553, 0, 'OK', '2021-05-27 02:26:27'),
(996, 1598, 0, 'OK', '2021-10-03 13:30:46'),
(997, 1593, 0, 'OK', '2021-10-04 20:51:51'),
(998, 1593, 1, 'OK', '2021-10-04 20:54:03'),
(999, 1593, 2, 'OK', '2021-10-04 21:01:39'),
(1000, 1589, 0, 'OK', '2021-10-05 09:08:21'),
(1001, 1589, 1, 'OK', '2021-10-05 09:09:35'),
(1002, 1589, 2, 'OK', '2021-10-05 09:44:15'),
(1003, 1589, 3, 'OK', '2021-10-05 10:31:54'),
(1004, 1589, 4, 'OK', '2021-10-05 10:37:57'),
(1005, 1589, 5, 'OK', '2021-10-05 10:45:19'),
(1006, 1606, 0, 'OK', '2021-10-21 13:55:32'),
(1007, 1607, 0, 'OK', '2021-10-22 21:49:02'),
(1008, 1608, 0, 'OK', '2021-10-22 23:32:55'),
(1009, 1608, 1, 'OK', '2021-10-22 23:39:23'),
(1010, 1608, 2, 'OK', '2021-10-22 23:49:11'),
(1011, 1612, 0, 'OK', '2021-11-01 18:42:19'),
(1012, 1615, 0, 'OK', '2021-11-29 19:34:50'),
(1013, 1616, 0, 'OK', '2021-12-02 20:37:12'),
(1014, 1620, 0, 'OK', '2021-12-12 01:45:03'),
(1015, 1620, 0, 'OK', '2021-12-12 02:36:36'),
(1016, 1620, 0, 'OK', '2021-12-12 02:36:36'),
(1017, 1620, 0, 'OK', '2021-12-12 02:36:36'),
(1018, 1620, 0, 'OK', '2021-12-12 03:44:56'),
(1019, 1629, 0, 'OK', '2022-01-24 23:37:02'),
(1020, 1637, 0, 'OK', '2022-02-17 00:33:52'),
(1021, 1637, 1, 'OK', '2022-02-17 00:41:16'),
(1022, 1638, 0, 'OK', '2022-02-17 21:04:17'),
(1023, 1638, 1, 'OK', '2022-02-17 21:12:21'),
(1024, 1638, 2, 'OK', '2022-02-17 21:15:41'),
(1025, 1642, 0, 'OK', '2022-04-23 22:36:13'),
(1026, 1643, 0, 'OK', '2022-04-26 16:07:39'),
(1027, 1644, 0, 'OK', '2022-05-01 20:57:37'),
(1028, 1644, 1, 'OK', '2022-05-01 21:00:22'),
(1029, 1266, 25, 'OK', '2022-05-07 12:30:57'),
(1030, 1647, 0, 'OK', '2022-05-19 16:48:47'),
(1031, 1647, 1, 'OK', '2022-05-19 23:11:40'),
(1032, 1648, 0, 'OK', '2022-05-30 01:59:21'),
(1033, 1649, 0, 'OK', '2022-06-05 13:32:08'),
(1034, 1649, 1, 'OK', '2022-06-05 13:32:58'),
(1035, 1649, 2, 'OK', '2022-06-05 13:34:29'),
(1036, 1649, 3, 'OK', '2022-06-05 13:39:51'),
(1037, 1649, 4, 'OK', '2022-06-05 13:40:32'),
(1038, 1649, 5, 'OK', '2022-06-05 13:42:25'),
(1039, 1650, 0, 'OK', '2022-06-06 13:57:20'),
(1040, 1650, 1, 'OK', '2022-06-06 13:57:58'),
(1041, 1650, 2, 'OK', '2022-06-06 14:50:56'),
(1042, 1650, 3, 'OK', '2022-06-06 14:54:23'),
(1043, 1650, 4, 'OK', '2022-06-06 14:56:31'),
(1044, 1651, 0, 'OK', '2022-06-12 21:18:33'),
(1045, 1651, 1, 'OK', '2022-06-12 23:22:31');

-- --------------------------------------------------------

--
-- Table structure for table `tbl_appointments`
--

CREATE TABLE `tbl_appointments` (
  `fld_id` int(11) NOT NULL,
  `fld_title` varchar(50) COLLATE utf8mb4_unicode_ci NOT NULL,
  `fld_description` text COLLATE utf8mb4_unicode_ci NOT NULL,
  `fld_by` int(11) NOT NULL,
  `fld_timestamp` datetime NOT NULL
) ENGINE=InnoDB DEFAULT CHARSET=utf8mb4 COLLATE=utf8mb4_unicode_ci;

-- --------------------------------------------------------

--
-- Table structure for table `tbl_archivedcomments`
--

CREATE TABLE `tbl_archivedcomments` (
  `fld_commentid` int(11) NOT NULL,
  `fld_userid` int(11) NOT NULL,
  `fld_lessonid` int(11) NOT NULL,
  `fld_comment` text NOT NULL,
  `fld_timestamp` datetime NOT NULL
) ENGINE=InnoDB DEFAULT CHARSET=latin1;

--
-- Dumping data for table `tbl_archivedcomments`
--

INSERT INTO `tbl_archivedcomments` (`fld_commentid`, `fld_userid`, `fld_lessonid`, `fld_comment`, `fld_timestamp`) VALUES
(156, 1189, 4, 'Cast Your Fears Away', '2020-06-13 18:05:00'),
(166, 1443, 1, 'Thank you, Satwik Gawas.', '2020-12-05 14:58:50'),
(167, 1443, 1, 'Hello World', '2020-12-05 21:06:06'),
(168, 1443, 1, 'Hi!', '2020-12-05 21:12:21'),
(169, 1443, 1, 'Hello!', '2020-12-05 21:12:45'),
(170, 1443, 1, 'eds', '2020-12-05 21:29:28'),
(174, 1278, 1, 'Fu', '2021-02-10 21:30:42'),
(175, 1278, 1, 'Fu', '2021-02-10 21:30:57'),
(176, 1189, 1, 'Hello!', '2021-03-14 17:35:42'),
(177, 1189, 1, 'Hello', '2021-03-14 17:36:00'),
(180, 1266, 4, 'jkafroo', '2022-01-04 15:43:45'),
(194, 1266, 13, 'Jkafroo', '2022-05-12 11:18:00');

-- --------------------------------------------------------

--
-- Table structure for table `tbl_archivedevents`
--

CREATE TABLE `tbl_archivedevents` (
  `fld_id` int(11) NOT NULL,
  `fld_title` varchar(50) COLLATE utf8mb4_unicode_ci NOT NULL,
  `fld_description` text COLLATE utf8mb4_unicode_ci NOT NULL,
  `fld_by` int(11) NOT NULL,
  `fld_timestamp` datetime NOT NULL
) ENGINE=InnoDB DEFAULT CHARSET=utf8mb4 COLLATE=utf8mb4_unicode_ci;

--
-- Dumping data for table `tbl_archivedevents`
--

INSERT INTO `tbl_archivedevents` (`fld_id`, `fld_title`, `fld_description`, `fld_by`, `fld_timestamp`) VALUES
(31, 'Hello Test', 'This is just a test.', 1189, '2021-02-11 20:40:00'),
(32, 'Test', 'Test test test test t', 1189, '2021-07-20 14:45:00'),
(33, 'Test', 'Test etsydhsuskskskwkskskksmdndndnejdnbdndnsndndb', 1189, '2022-04-09 21:30:00');

-- --------------------------------------------------------

--
-- Table structure for table `tbl_archivedforumcomments`
--

CREATE TABLE `tbl_archivedforumcomments` (
  `fld_id` int(11) NOT NULL,
  `fld_comment` text COLLATE utf8mb4_unicode_ci NOT NULL,
  `fld_forumid` int(11) NOT NULL,
  `fld_by` int(11) NOT NULL,
  `fld_timestamp` datetime NOT NULL
) ENGINE=InnoDB DEFAULT CHARSET=utf8mb4 COLLATE=utf8mb4_unicode_ci;

--
-- Dumping data for table `tbl_archivedforumcomments`
--

INSERT INTO `tbl_archivedforumcomments` (`fld_id`, `fld_comment`, `fld_forumid`, `fld_by`, `fld_timestamp`) VALUES
(50, 'Or can we meet for a Starbucks treat?', 32, 1189, '2020-06-13 14:53:00'),
(51, 'Mocha Latte Frappe\nor \nJava Chip Frappe?', 32, 1189, '2020-06-13 14:54:00'),
(54, '\"Friendship > Pride\", that\'s what they say in the books so let\'s be friends. ', 32, 1189, '2020-06-14 14:30:00'),
(62, 'G\nG\nG\nFf\nF\nF\nF\nF\nFf\nF\nF\nFf\nF\nF\nF\nFf\n', 35, 1254, '2020-11-25 01:17:07'),
(63, 'Yo! Yo! Yo!', 36, 1443, '2020-12-05 21:25:14'),
(64, 'this is test', 36, 1439, '2020-12-06 10:52:35'),
(66, 'Qwertyuiop', 35, 1443, '2020-12-20 07:32:34'),
(67, 'Up\nUp\nDown\nDown', 38, 1278, '2021-02-10 21:18:20'),
(68, 'Yes!', 38, 1189, '2021-02-10 21:25:22'),
(69, 'Helli', 38, 1278, '2021-02-10 21:31:32'),
(70, 'I agree.', 38, 1189, '2021-03-14 17:36:35'),
(72, 'Hello!', 38, 1266, '2021-05-13 17:00:00'),
(73, 'jkafroo', 38, 1266, '2021-05-13 17:00:00'),
(74, 'jkafroo', 38, 1266, '2021-05-13 17:00:31'),
(75, 'jkafroo', 38, 1266, '2021-05-13 17:00:33'),
(76, 'jkafroo', 38, 1266, '2021-05-13 17:00:00'),
(77, 'jkafroo', 38, 1266, '2021-05-13 17:00:41'),
(85, 'Test this', 39, 1189, '2022-04-09 17:29:00');

-- --------------------------------------------------------

--
-- Table structure for table `tbl_archivedforums`
--

CREATE TABLE `tbl_archivedforums` (
  `fld_id` int(11) NOT NULL,
  `fld_title` text COLLATE utf8mb4_unicode_ci NOT NULL,
  `fld_body` text COLLATE utf8mb4_unicode_ci NOT NULL,
  `fld_by` int(11) NOT NULL,
  `fld_timestamp` datetime NOT NULL
) ENGINE=InnoDB DEFAULT CHARSET=utf8mb4 COLLATE=utf8mb4_unicode_ci;

--
-- Dumping data for table `tbl_archivedforums`
--

INSERT INTO `tbl_archivedforums` (`fld_id`, `fld_title`, `fld_body`, `fld_by`, `fld_timestamp`) VALUES
(39, 'Test', 'This is a test.', 1189, '2022-04-09 17:28:00'),
(40, 'Test this', 'Test this forum.', 1266, '2022-05-07 12:34:00');

-- --------------------------------------------------------

--
-- Table structure for table `tbl_challengelogs`
--

CREATE TABLE `tbl_challengelogs` (
  `fld_id` int(11) NOT NULL,
  `fld_cid` int(11) NOT NULL,
  `fld_challengeid` int(11) NOT NULL,
  `fld_score` int(11) NOT NULL,
  `fld_timestamp` timestamp NOT NULL DEFAULT CURRENT_TIMESTAMP ON UPDATE CURRENT_TIMESTAMP
) ENGINE=InnoDB DEFAULT CHARSET=utf8 COLLATE=utf8_unicode_ci;

--
-- Dumping data for table `tbl_challengelogs`
--

INSERT INTO `tbl_challengelogs` (`fld_id`, `fld_cid`, `fld_challengeid`, `fld_score`, `fld_timestamp`) VALUES
(8, 1276, 0, 13, '2020-10-28 23:11:35'),
(9, 1189, 2, 100, '2020-10-28 23:12:37'),
(28, 1450, 5, 50, '2020-12-17 04:09:35'),
(29, 1450, 6, 50, '2020-12-17 04:11:03'),
(35, 1189, 5, 100, '2020-12-17 14:42:06'),
(38, 1439, 5, 100, '2020-12-18 13:38:11'),
(39, 1439, 6, 100, '2020-12-18 13:38:33'),
(40, 1439, 7, 250, '2020-12-18 13:39:01'),
(41, 1189, 6, 100, '2020-12-18 13:44:22'),
(42, 1189, 7, 250, '2020-12-18 13:44:53'),
(43, 1450, 7, 250, '2020-12-19 06:13:20'),
(47, 1379, 5, 100, '2020-12-19 06:18:57'),
(48, 1379, 6, 100, '2020-12-19 06:19:47'),
(49, 1379, 7, 250, '2020-12-19 06:20:36'),
(50, 1443, 5, 100, '2020-12-19 06:22:23'),
(51, 1443, 6, 100, '2020-12-19 06:23:16'),
(52, 1443, 7, 250, '2020-12-19 06:23:54'),
(53, 1454, 5, 50, '2020-12-19 06:26:15'),
(54, 1454, 6, 100, '2020-12-19 06:27:14'),
(55, 1454, 7, 250, '2020-12-19 06:27:52'),
(56, 1276, 5, 100, '2020-12-20 01:23:49'),
(57, 1276, 6, 100, '2020-12-20 01:24:19'),
(58, 1276, 7, 250, '2020-12-20 01:24:48'),
(63, 1276, 8, 250, '2020-12-22 15:29:54'),
(64, 1443, 8, 200, '2020-12-22 15:37:34');

-- --------------------------------------------------------

--
-- Table structure for table `tbl_chats`
--

CREATE TABLE `tbl_chats` (
  `fld_id` int(11) NOT NULL,
  `fld_from` int(11) NOT NULL,
  `fld_to` int(11) NOT NULL,
  `fld_message` text NOT NULL,
  `fld_timestamp` datetime NOT NULL
) ENGINE=InnoDB DEFAULT CHARSET=latin1;

--
-- Dumping data for table `tbl_chats`
--

INSERT INTO `tbl_chats` (`fld_id`, `fld_from`, `fld_to`, `fld_message`, `fld_timestamp`) VALUES
(180, 1189, 1257, 'Hello! What is it?', '2019-08-04 07:44:39'),
(181, 1257, 1189, 'How to become an expert like you?', '2019-08-04 07:45:25'),
(182, 1189, 1254, 'Hi Xavier! How are you? If you have any feedbacks in this app, kindly send it here. Thank you.', '2019-08-26 15:38:19'),
(183, 1254, 1189, 'Hi', '2019-08-26 20:21:13'),
(184, 1189, 1254, 'Hello!', '2019-08-26 20:21:23'),
(185, 1189, 1254, 'How are you right now?', '2019-08-26 20:21:31'),
(186, 1254, 1189, 'Fine bro. ', '2019-08-26 20:21:40'),
(187, 1189, 1254, 'How are the lessons going with you?', '2019-08-26 20:21:48'),
(188, 1254, 1189, 'Bout you?', '2019-08-26 20:21:48'),
(189, 1189, 1254, 'I am fine too just lying in my bed.', '2019-08-26 20:22:04'),
(190, 1189, 1254, 'Ugh! Thank God! We can talk here to each other regarding feedbacks than using Feedbacks and Concerns. Haha!', '2019-08-26 20:22:35'),
(191, 1254, 1189, 'Trying to understand more  about thelesson \n', '2019-08-26 20:22:58'),
(192, 1189, 1254, 'That\'s good. Keep learning in the process', '2019-08-26 20:23:18'),
(193, 1254, 1189, 'Wait a bit bro , im about to eat my dinner', '2019-08-26 20:23:48'),
(194, 1189, 1254, 'Have a nice meal. God bless you!', '2019-08-26 20:24:23'),
(195, 1275, 12, 'Hi!', '2020-01-01 14:33:27'),
(196, 1189, 1276, 'Hi! How are you?', '2020-01-12 14:27:10'),
(197, 1276, 1189, 'Hello! I am fine. How about you?', '2020-01-12 14:57:18'),
(198, 1189, 1278, 'Hi! Thank you for connecting with me.', '2020-01-18 20:35:41'),
(199, 1278, 1189, 'Thank you as well and you\'re welcome. I am fine. How about you?', '2020-01-18 20:36:22'),
(200, 1278, 12, 'Hello admin! How are you?', '2020-01-19 19:16:18'),
(201, 1266, 12, 'Hello admin! How are you? All lessons are great but the for lesson needs more explanation. Thank you. You can do it. Have a great day.', '2020-01-19 19:17:48'),
(202, 1281, 12, 'Good', '2020-04-19 12:57:46'),
(203, 1189, 12, 'Hi!', '2020-05-14 04:51:52'),
(204, 12, 1189, 'Hello! How can I help you?', '2020-05-14 04:52:18'),
(205, 1189, 12, 'Abc', '2020-05-15 03:52:27'),
(206, 1189, 12, '123', '2020-05-15 03:52:37'),
(207, 1189, 12, '456', '2020-05-15 03:52:45'),
(208, 1189, 12, '564', '2020-05-15 04:01:49'),
(209, 1189, 12, '234', '2020-05-15 04:02:01'),
(210, 1189, 12, '12', '2020-05-15 04:22:27'),
(211, 1189, 12, '21', '2020-05-15 04:27:31'),
(212, 12, 1278, 'We are doing great. How about you?', '2020-05-15 04:58:09'),
(213, 1189, 12, 'Hello!', '2020-05-15 19:46:06'),
(214, 1193, 1189, 'Hello', '2020-05-16 14:02:53'),
(215, 1189, 1193, 'Hi!', '2020-05-16 14:03:02'),
(216, 1193, 1189, 'Ayos to!!', '2020-05-16 14:03:13'),
(217, 1189, 12, 'Hi!', '2020-05-17 11:29:01'),
(218, 1189, 1295, 'Hello po, Sir! How are you? To indent, use three space bars.', '2020-05-17 19:14:03'),
(219, 1295, 1189, 'Okay', '2020-05-17 19:16:30'),
(220, 1189, 1295, 'You can do it po.', '2020-05-17 19:16:48'),
(221, 1189, 1295, 'Daig mo pa po ilan sa mga IT, Sir. Great job!', '2020-05-17 19:19:45'),
(222, 1302, 12, 'It\'s a great app for learning python programming language, it is user friendly and there\'s a lot of things you can learn from this app. Well the videos is not available yet but this app makes me wanna learn more about python. ', '2020-05-22 20:04:38'),
(223, 1302, 12, 'Overall for me this app is 9/10', '2020-05-22 20:05:28'),
(224, 12, 1302, 'Hello, Christian! How are you? Thank you for the feedback. The videos are coming soon. We appreciate your feedback. We hope that you will be happy learning Python using our app. Have a great day.', '2020-05-23 21:05:22'),
(225, 1189, 12, 'Hello!', '2020-05-27 19:23:19'),
(226, 1189, 1276, 'I\'m doing great.', '2020-05-27 21:27:43'),
(229, 1318, 1189, 'Hello po :)) ', '2020-06-05 16:30:53'),
(230, 1189, 1318, 'Hi!', '2020-06-05 16:31:03'),
(231, 1318, 1189, 'Notif nalang po ba inaayos niyo sa app? ', '2020-06-05 16:32:09'),
(232, 1189, 1318, 'Parang ganito output dapat:\n75 <class int>\n1.5 <class float>', '2020-06-05 16:32:17'),
(233, 1318, 1189, 'Ahhh', '2020-06-05 16:32:35'),
(234, 1189, 1318, 'Isa iyonm. Haha!', '2020-06-05 16:32:46'),
(235, 1189, 1318, 'Check Messenger for a while please. Haha!', '2020-06-05 16:33:01'),
(236, 1318, 1189, 'Geh po try ko po yung iba pang levels', '2020-06-05 16:33:23'),
(237, 1189, 1318, 'Doon proper format ng output. Haha!', '2020-06-05 16:33:32'),
(238, 1189, 1318, 'Thanks. Enjoy!', '2020-06-05 16:33:52'),
(239, 1189, 12, 'Hello!\n\nHow are you?', '2020-06-06 19:57:43'),
(240, 1189, 12, '123\n456', '2020-06-06 19:58:22'),
(241, 1189, 12, '123\n456', '2020-06-06 20:04:07'),
(242, 1189, 12, 'Hi!\n\n\nI am all alone without you.', '2020-06-06 21:35:04'),
(243, 1189, 12, 'Your love is like the sun\nThat lights up my whole world', '2020-06-06 21:35:46'),
(244, 12, 1247, 'Hello!', '2020-06-07 10:43:24'),
(245, 12, 1189, 'Please send some senseful messages. Haha! Thank you.', '2020-06-07 10:45:52'),
(246, 1189, 1276, 'That\'s good.', '2020-06-10 19:29:57'),
(247, 1189, 1276, 'Hello again! Do you need anything?', '2020-06-10 19:37:25'),
(248, 1276, 1189, 'Hey! Are you drunk? Haha!', '2020-06-10 19:56:22'),
(249, 1276, 1189, '750 <class int>', '2020-06-11 06:47:51'),
(250, 1276, 1189, '\"Hello!\"', '2020-06-11 06:47:58'),
(251, 1338, 12, 'Very smooth lang ng system flow and madali naman maintindihan kung paano gamitin, I mean user friendly. And even the lessons are not that hard to understand naman.', '2020-06-14 11:21:58'),
(252, 12, 1338, 'Hello Geneah! How are you? We highly appreciate your feedback. We have been doing our best to make the app and Website user friendly & the lessons and quizzes to be simple as much as possible. Thank you. Have a great day and happy coding!', '2020-06-14 13:53:38'),
(253, 1276, 1189, 'Brock Party?', '2020-06-27 14:23:11'),
(254, 1189, 1276, 'Later! Thanks.', '2020-06-27 14:23:22'),
(255, 1276, 1189, 'Sure.', '2020-06-27 14:23:41'),
(256, 1193, 1189, 'Hello', '2020-06-30 08:50:01'),
(257, 1193, 1189, 'Test', '2020-06-30 08:50:06'),
(258, 1193, 1189, 'Hello art', '2020-06-30 08:50:12'),
(259, 1193, 1189, 'Nice hehehe', '2020-06-30 08:50:29'),
(260, 1193, 1189, 'Test', '2020-06-30 08:51:06'),
(261, 1189, 12, 'Okay.', '2020-07-31 16:14:27'),
(262, 1189, 12, 'Okeh Kehyo!', '2020-07-31 16:14:38'),
(263, 1189, 12, 'I mean are you good?', '2020-07-31 16:15:05'),
(264, 1189, 12, 'Are you fine?', '2020-07-31 16:20:02'),
(265, 1379, 1189, 'Hi! How are you? Can I ask for help regarding this?\n\nHow to display how many items are there in the list?\n\nThank you.', '2020-09-05 11:08:07'),
(266, 1189, 1379, 'Use len(my_list) wherein my_list is the array parameter. Kindly refer to the \"Lists\" topic at your time.\n\nHere is an example:\nfruits = [\"apple\", \"banana\", \"orange\"]\nnumber_of_fruits = len(fruits) # Outputs 3\n\nKindly leave me a message if you need more help. Thank you. Have a great day.', '2020-09-05 11:10:29'),
(267, 1379, 1189, 'Thank you very much, Sir. Big help!', '2020-09-05 11:10:49'),
(268, 1254, 12, 'Test', '2020-11-22 05:50:50'),
(269, 1254, 1189, 'test', '2020-11-22 06:02:01'),
(271, 1439, 1254, 'Hi', '2020-11-24 22:13:00'),
(272, 12, 1439, 'hello\n', '2020-11-24 22:15:20'),
(274, 1439, 1254, 'Hello', '2020-11-25 00:22:02'),
(275, 1439, 1254, 'Hello', '2020-11-25 00:22:08'),
(276, 1439, 1254, '123', '2020-11-25 00:24:10'),
(277, 1439, 1254, '\'/\"/\"', '2020-11-25 00:24:15'),
(278, 1439, 1254, 'Ssjdjd', '2020-11-25 00:24:25'),
(279, 1439, 1254, 'G\nG\nG\nF\nFf\nF\nF\nF\nFf\nF\nFf\nF\nF\nFf\nF\nF\nF\nFf', '2020-11-25 00:27:45'),
(280, 1439, 1254, '\"print\"', '2020-11-25 00:31:31'),
(281, 1439, 1254, 'Function function():/*\"*$#/', '2020-11-25 00:31:44'),
(282, 1254, 1439, 'Nub', '2020-11-25 00:34:35'),
(283, 1443, 1189, 'Hi Sir! How are you?', '2020-12-20 07:37:40'),
(284, 1189, 1443, 'Hello! Doing great. Yourself?', '2020-12-20 07:38:21'),
(285, 1189, 1278, ' Hi!\nHello!', '2020-12-22 21:19:45'),
(286, 12, 1189, 'YOU\'VE BEEN HACKED, SORRY ):', '2021-01-07 13:12:20'),
(287, 12, 1443, 'YOU\'VE BEEN HACKED, SORRY ):', '2021-01-07 13:12:44'),
(288, 1189, 1443, '      \nHello!', '2021-02-10 21:26:01'),
(289, 1278, 1189, 'Hello, man!', '2021-02-10 21:32:55'),
(290, 1189, 1278, 'Hi!', '2021-03-14 17:34:20'),
(291, 1189, 1379, 'Hello!', '2021-03-14 17:34:34'),
(292, 1266, 1276, 'Test', '2021-04-01 12:51:47'),
(293, 1266, 1276, 'Teat', '2021-04-01 12:51:53'),
(294, 1266, 1276, 'Test', '2021-04-01 12:52:01'),
(295, 1266, 1276, 'Test', '2021-04-01 12:52:11'),
(296, 1266, 1276, 'Hello test', '2021-04-01 12:52:20'),
(297, 1266, 1276, 'Hello test', '2021-04-01 15:38:37'),
(298, 1266, 1276, 'Hahays', '2021-04-01 15:38:49'),
(299, 1266, 1276, 'Wait', '2021-04-01 15:40:23'),
(300, 1266, 1276, 'Test dev', '2021-04-01 15:40:34'),
(301, 1266, 1276, 'Bug', '2021-04-01 15:41:36'),
(302, 1266, 12, 'jkafroo', '2021-07-16 20:23:29'),
(303, 1266, 12, 'jkafroo', '2021-07-16 20:23:43'),
(304, 1266, 12, 'jkafroo', '2021-07-16 20:23:45'),
(305, 1266, 12, 'jkafroo', '2021-07-16 20:23:51'),
(306, 1266, 12, 'jkafroo', '2021-07-16 20:24:00'),
(307, 1266, 12, 'jkafroo', '2021-07-16 20:24:08'),
(308, 1266, 12, 'jkafroo', '2021-07-16 20:24:10'),
(309, 1266, 12, 'jkafroo', '2021-07-16 20:24:10'),
(310, 1266, 12, 'jkafroo', '2021-07-16 20:24:16'),
(311, 1266, 12, 'jkafroo', '2021-07-16 20:24:18'),
(312, 1266, 12, 'jkafroo', '2022-01-09 15:55:25'),
(313, 1266, 12, 'jkafroo', '2022-01-09 15:55:26'),
(314, 1266, 12, 'jkafroo', '2022-01-09 15:55:27'),
(315, 1266, 1276, 'jkafroo', '2022-01-09 15:55:44'),
(316, 1189, 1278, 'Test', '2022-04-09 17:29:46'),
(317, 1266, 12, 'jkafroo', '2022-04-09 19:27:31'),
(318, 1266, 12, 'jkafroo', '2022-04-09 19:27:38'),
(319, 1266, 12, 'jkafroo', '2022-04-09 19:27:51'),
(320, 1266, 12, 'jkafroo', '2022-04-09 19:27:58'),
(321, 1266, 12, 'jkafroo', '2022-04-09 19:29:21'),
(322, 1266, 12, 'jkafroo', '2022-04-09 19:29:29'),
(323, 1266, 12, 'jkafroo', '2022-04-09 19:29:36'),
(324, 1266, 12, 'jkafroo', '2022-04-09 19:29:43'),
(325, 1266, 12, 'jkafroo', '2022-04-09 19:29:51'),
(326, 1266, 12, 'jkafroo', '2022-04-09 19:29:58');

-- --------------------------------------------------------

--
-- Table structure for table `tbl_comments`
--

CREATE TABLE `tbl_comments` (
  `fld_commentid` int(11) NOT NULL,
  `fld_userid` int(11) NOT NULL,
  `fld_lessonid` int(11) NOT NULL,
  `fld_comment` text NOT NULL,
  `fld_timestamp` datetime NOT NULL
) ENGINE=InnoDB DEFAULT CHARSET=latin1;

--
-- Dumping data for table `tbl_comments`
--

INSERT INTO `tbl_comments` (`fld_commentid`, `fld_userid`, `fld_lessonid`, `fld_comment`, `fld_timestamp`) VALUES
(140, 1249, 1, 'Very educational. Keep it up', '2019-06-22 22:44:56'),
(142, 1189, 1, 'Thank you, Engr. Jayvee.', '2019-08-23 07:58:13'),
(143, 1254, 1, 'Very helpful for us students who wants to learn more about phyton', '2019-08-25 16:11:52'),
(144, 1189, 1, 'Thank you, Xavier.', '2019-08-26 14:29:59'),
(146, 1271, 17, 'I think this quiz needs more info from the lesson.', '2019-11-12 18:14:52'),
(147, 1189, 17, 'Hello! Thank you very much for the feedback. Let us connect to talk more about this and know more about each other. Your feedback is so valuable to us.', '2019-12-31 14:40:47'),
(148, 1189, 2, 'Hello there!', '2020-05-16 18:44:22'),
(149, 1276, 2, 'Hi!', '2020-05-24 20:30:43'),
(150, 1276, 2, 'How are you doing?', '2020-05-24 20:30:57'),
(151, 1189, 2, 'I am doing fine. Need help?', '2020-05-28 07:53:20'),
(155, 1189, 1, 'Does someone here play \"Valorant?\"', '2020-06-13 14:51:30'),
(157, 1352, 1, 'Nice app. Good job and thanks for developing this one. /', '2020-07-04 11:10:00'),
(158, 1379, 5, 'Hello to all! How are you? Does someone know if we can add numbers from a list of numbers? Thank you. Have a great day.', '2020-09-06 09:33:45'),
(159, 1189, 5, 'Hi! Doing good. How about you? Yes. There are ways. One is using for loop and the += operator. You will learn it later from the Assignment topic under Operators and the for topic under Looping Statements. Keep learning well. Godspeed! ', '2020-09-06 09:40:53'),
(160, 1189, 1, 'Thank you, Ma\'am Rix.', '2020-10-10 22:51:07'),
(161, 1439, 24, 'Test', '2020-11-22 06:35:06'),
(163, 1254, 1, 'T\nT\nT\nT\nR\nRr\nR\nR\nR\nR\nR \"\"\" ', '2020-11-24 21:44:58'),
(165, 1444, 1, 'Very nice app. Easy to understand and suitable for beginners', '2020-12-01 17:56:06'),
(171, 1278, 3, 'No lets.\nNo vars.', '2021-02-10 21:19:02'),
(172, 1189, 1, '     Keep coding, my friends.', '2021-02-10 21:24:05'),
(173, 1189, 1, 'Thank you, Satwik Gawas.', '2021-02-10 21:24:36'),
(178, 1266, 4, 'jkafroo', '2022-01-04 15:42:19'),
(179, 1266, 4, 'jkafroo', '2022-01-04 15:42:26'),
(181, 1266, 4, 'jkafroo', '2022-02-20 10:52:13'),
(182, 1266, 4, 'jkafroo', '2022-02-20 10:52:21'),
(183, 1266, 4, 'jkafroo', '2022-02-20 10:52:28'),
(184, 1266, 4, 'jkafroo', '2022-02-20 10:53:53'),
(185, 1266, 7, 'jkafroo', '2022-04-09 19:28:17'),
(186, 1266, 7, 'jkafroo', '2022-04-09 19:28:31'),
(187, 1266, 11, 'Jkafroo', '2022-04-10 16:02:07'),
(188, 1266, 11, 'Jkafroo', '2022-04-10 16:02:35'),
(189, 1266, 11, 'Jkafroo', '2022-04-10 16:02:48'),
(190, 1266, 11, 'Jkafroo', '2022-04-10 16:02:57'),
(191, 1643, 1, 'Shd', '2022-04-26 16:08:07'),
(192, 1643, 1, 'Good', '2022-04-26 16:08:57'),
(193, 1644, 1, 'Nice', '2022-05-01 21:00:50'),
(195, 1266, 13, 'Jkafroo', '2022-05-12 11:19:07'),
(196, 1266, 13, 'Jkafroo', '2022-05-12 11:19:23'),
(197, 1266, 13, 'Jkafroo', '2022-05-12 11:19:30'),
(198, 1266, 13, 'Jkafroo', '2022-05-12 11:19:48'),
(199, 1266, 13, 'Jkafroo', '2022-05-12 11:20:34'),
(200, 1266, 16, 'Jkafroo', '2022-07-29 16:48:33'),
(201, 1266, 16, 'Jkafroo', '2022-07-29 16:49:09');

-- --------------------------------------------------------

--
-- Table structure for table `tbl_connections`
--

CREATE TABLE `tbl_connections` (
  `fld_id` int(11) NOT NULL,
  `fld_connectedby` int(11) NOT NULL,
  `fld_connectedto` int(11) NOT NULL,
  `fld_accepted` int(11) NOT NULL
) ENGINE=InnoDB DEFAULT CHARSET=utf8mb4 COLLATE=utf8mb4_unicode_ci;

--
-- Dumping data for table `tbl_connections`
--

INSERT INTO `tbl_connections` (`fld_id`, `fld_connectedby`, `fld_connectedto`, `fld_accepted`) VALUES
(31, 1189, 1254, 1),
(34, 1276, 1276, 1),
(36, 1278, 1189, 1),
(38, 1266, 1276, 1),
(39, 1193, 1249, 10),
(40, 1193, 1189, 1),
(41, 1295, 1189, 1),
(42, 1318, 1189, 1),
(75, 1189, 1276, 1),
(76, 1389, 1189, 1),
(77, 1379, 1189, 1),
(79, 1439, 1254, 1),
(80, 1254, 1276, 10),
(81, 1443, 1189, 1),
(83, 1308, 1189, 1),
(84, 1266, 1189, 10),
(85, 1266, 1189, 10),
(86, 1266, 1189, 10);

-- --------------------------------------------------------

--
-- Table structure for table `tbl_expertanswers`
--

CREATE TABLE `tbl_expertanswers` (
  `fld_id` int(11) NOT NULL,
  `fld_expertid` int(11) NOT NULL,
  `fld_answer` longtext COLLATE utf8mb4_unicode_ci NOT NULL
) ENGINE=InnoDB DEFAULT CHARSET=utf8mb4 COLLATE=utf8mb4_unicode_ci;

--
-- Dumping data for table `tbl_expertanswers`
--

INSERT INTO `tbl_expertanswers` (`fld_id`, `fld_expertid`, `fld_answer`) VALUES
(15, 1223, 'print%281000+%2B+500%29'),
(16, 0, ''),
(17, 0, '');

-- --------------------------------------------------------

--
-- Table structure for table `tbl_expertimages`
--

CREATE TABLE `tbl_expertimages` (
  `fld_id` int(11) NOT NULL,
  `fld_userid` int(11) NOT NULL,
  `fld_image` longtext NOT NULL
) ENGINE=InnoDB DEFAULT CHARSET=latin1;

--
-- Dumping data for table `tbl_expertimages`
--

INSERT INTO `tbl_expertimages` (`fld_id`, `fld_userid`, `fld_image`) VALUES
(42, 0, ''),
(43, 0, '');

-- --------------------------------------------------------

--
-- Table structure for table `tbl_forumcomments`
--

CREATE TABLE `tbl_forumcomments` (
  `fld_id` int(11) NOT NULL,
  `fld_comment` text COLLATE utf8mb4_unicode_ci NOT NULL,
  `fld_forumid` int(11) NOT NULL,
  `fld_by` int(11) NOT NULL,
  `fld_timestamp` datetime NOT NULL
) ENGINE=InnoDB DEFAULT CHARSET=utf8mb4 COLLATE=utf8mb4_unicode_ci;

--
-- Dumping data for table `tbl_forumcomments`
--

INSERT INTO `tbl_forumcomments` (`fld_id`, `fld_comment`, `fld_forumid`, `fld_by`, `fld_timestamp`) VALUES
(34, 'Hi!', 25, 1275, '2020-01-08 20:47:50'),
(37, 'Hi!', 25, 1276, '2020-01-12 13:21:24'),
(38, 'print(\"Your statement\")', 29, 1189, '2020-01-12 13:31:21'),
(39, 'Comment banned (by PythoMy Admin)', 29, 1276, '2020-01-12 13:48:04'),
(40, 'print(1 + 1)', 30, 1189, '2020-01-18 11:23:27'),
(41, 'Comment banned (by PythoMy Admin)', 30, 1278, '2020-01-18 21:35:31'),
(42, 'Please help me im a noob!', 31, 1276, '2020-05-17 18:58:15'),
(43, 'Yea', 31, 1298, '2020-05-19 13:07:33'),
(44, 'Kindly connect to me, Mr. Johnny.', 31, 1189, '2020-05-25 10:17:18'),
(45, 'Hello!', 25, 1189, '2020-05-25 10:23:41'),
(46, 'How are you, Johnny?', 25, 1189, '2020-05-25 10:25:23'),
(47, 'You can use the lessons or connect to me then PM me.', 32, 1189, '2020-05-27 21:35:28'),
(48, 'Hello friend! Kindly not post again malicious comments. It\'s for the good of the community. Thank you.', 29, 1189, '2020-06-10 20:06:12'),
(49, 'Hi Justin! How are you?', 31, 1189, '2020-06-13 14:19:52'),
(52, 'sum = 1 + 1\nprint(sum)', 30, 1189, '2020-06-13 18:04:27'),
(53, 'Just feel free to message me anytime if you need help & a friend here. Thank you.', 32, 1189, '2020-06-14 14:29:20'),
(55, 'I\'m doing great.', 25, 1276, '2020-06-27 14:27:50'),
(56, 'Good!', 25, 1189, '2020-06-27 14:28:21'),
(57, 'x += 1\n\nLearn more about assignment operators. Keep learning well, amigo.', 34, 1189, '2020-08-23 10:13:55'),
(60, 'Hello World!', 35, 1189, '2020-11-22 06:03:36'),
(61, 'Test', 35, 1254, '2020-11-22 06:44:12'),
(65, 'qwe', 35, 1439, '2020-12-06 10:53:45'),
(71, 'Yes. I agree.', 38, 1189, '2021-03-14 17:37:01'),
(78, 'We\'re back.', 38, 1189, '2021-10-03 09:27:49'),
(79, 'jkafroo', 37, 1266, '2021-12-27 14:40:06'),
(80, 'jkafroo', 37, 1266, '2021-12-27 14:40:13'),
(81, 'jkafroo', 37, 1266, '2021-12-27 14:40:20'),
(82, 'jkafroo', 37, 1266, '2021-12-27 14:40:29'),
(83, 'jkafroo', 37, 1266, '2021-12-27 14:40:30'),
(84, 'jkafroo', 37, 1266, '2021-12-27 14:40:36');

-- --------------------------------------------------------

--
-- Table structure for table `tbl_forums`
--

CREATE TABLE `tbl_forums` (
  `fld_id` int(11) NOT NULL,
  `fld_title` text COLLATE utf8mb4_unicode_ci NOT NULL,
  `fld_body` text COLLATE utf8mb4_unicode_ci NOT NULL,
  `fld_by` int(11) NOT NULL,
  `fld_timestamp` datetime NOT NULL
) ENGINE=InnoDB DEFAULT CHARSET=utf8mb4 COLLATE=utf8mb4_unicode_ci;

--
-- Dumping data for table `tbl_forums`
--

INSERT INTO `tbl_forums` (`fld_id`, `fld_title`, `fld_body`, `fld_by`, `fld_timestamp`) VALUES
(25, 'Python is for everyone!', 'Python is the simplest scripting language nearest to the English language. It is commonly used for mathematics and Web development. It is the fastest growing language now due to its simplicity.', 1189, '2019-06-17 16:22:36'),
(27, 'What is a lambda?', 'May I ask someone what is a lambda? Thank you.', 1201, '2019-10-12 16:16:17'),
(29, 'How to display text in your screen?', 'What shall I write in my console to display something in my black screen?', 1276, '2020-01-12 13:19:45'),
(30, 'How to print out sum of 1 and 1?', 'Hello! How are you? May I ask on how to display the sum of 1 and 1 that are both integers using Python? Thank you.', 1278, '2020-01-18 11:17:30'),
(31, 'Test forum by jem', 'How to print Hello World???!', 1276, '2020-05-17 18:58:00'),
(32, 'Help!', 'I want to learn python', 1298, '2020-05-19 13:07:09'),
(34, 'How to express x = x + 1 in a shorter way?', 'Hello! How are you all? May I ask the shorthand method for x = x  + 1? Thank you.', 1379, '2020-08-23 10:12:27'),
(35, 'Test', 'Test', 1254, '2020-11-22 05:47:27'),
(37, 'Library for Game Development', 'Is anyone here familiar with Python libraries for game development? Thank you.', 1443, '2020-12-23 05:58:18'),
(38, 'Python is the best! Do you agree?', 'Python is the simplest Programming language nearest to the English language. Comment \'Up\' if you agree.', 1278, '2021-02-10 21:14:18'),
(40, 'Hello World!', 'Hello World!', 1278, '2022-11-20 15:02:34'),
(41, 'Hello World!', 'Hello World!', 1278, '2022-11-20 15:03:13'),
(42, 'Hello!', 'Hello!', 1278, '2022-11-20 15:06:57'),
(43, 'Hello Margarette!', 'Hello Margarette! How are you?', 1278, '2022-11-20 15:07:18'),
(44, 'hello', 'hello', 1278, '2022-11-20 15:15:16'),
(45, 'hello hanna!', 'hello hanna!', 1278, '2022-11-20 15:15:35'),
(46, 'red', 'hello retro!', 1278, '2022-11-20 15:15:57');

-- --------------------------------------------------------

--
-- Table structure for table `tbl_honors`
--

CREATE TABLE `tbl_honors` (
  `fld_id` int(11) NOT NULL,
  `fld_commentid` int(11) NOT NULL,
  `fld_honoredby` int(11) NOT NULL
) ENGINE=InnoDB DEFAULT CHARSET=utf8mb4 COLLATE=utf8mb4_unicode_ci;

--
-- Dumping data for table `tbl_honors`
--

INSERT INTO `tbl_honors` (`fld_id`, `fld_commentid`, `fld_honoredby`) VALUES
(45, 143, 1189),
(47, 143, 1266),
(48, 140, 1266),
(50, 140, 1193),
(51, 142, 1193),
(53, 143, 1305),
(55, 140, 1189),
(59, 148, 1288),
(63, 160, 1439),
(64, 160, 1439),
(65, 160, 1439),
(107, 165, 1443),
(113, 159, 1443),
(114, 165, 1463),
(118, 156, 1266),
(119, 146, 1189),
(120, 157, 1189),
(121, 165, 1189),
(124, 193, 1266);

-- --------------------------------------------------------

--
-- Table structure for table `tbl_honorsbyforum`
--

CREATE TABLE `tbl_honorsbyforum` (
  `fld_id` int(11) NOT NULL,
  `fld_commentid` int(11) NOT NULL,
  `fld_honoredby` int(11) NOT NULL
) ENGINE=InnoDB DEFAULT CHARSET=utf8mb4 COLLATE=utf8mb4_unicode_ci;

--
-- Dumping data for table `tbl_honorsbyforum`
--

INSERT INTO `tbl_honorsbyforum` (`fld_id`, `fld_commentid`, `fld_honoredby`) VALUES
(15, 38, 1276),
(16, 40, 1278),
(18, 47, 1266),
(19, 46, 1266),
(24, 43, 1189),
(30, 55, 1189),
(31, 57, 1379),
(32, 57, 1389),
(35, 57, 1276),
(80, 57, 1254),
(81, 57, 1254),
(82, 57, 1254),
(83, 57, 1254),
(84, 60, 1254),
(85, 60, 1254),
(86, 60, 1254),
(87, 59, 1189),
(88, 59, 1189),
(89, 59, 1189),
(90, 59, 1189),
(132, 62, 1439),
(135, 71, 1266),
(137, 77, 1266),
(139, 53, 1266),
(140, 78, 1266);

-- --------------------------------------------------------

--
-- Table structure for table `tbl_lessons`
--

CREATE TABLE `tbl_lessons` (
  `fld_lessonid` int(11) NOT NULL,
  `fld_lesson` text NOT NULL
) ENGINE=InnoDB DEFAULT CHARSET=latin1;

--
-- Dumping data for table `tbl_lessons`
--

INSERT INTO `tbl_lessons` (`fld_lessonid`, `fld_lesson`) VALUES
(0, 'Python (Simple Statements)'),
(1, 'Python Syntax (Simple Statements)'),
(2, 'Indentations (Simple Statements)'),
(3, 'Variables (Variables)'),
(4, 'Casting (Variables)'),
(5, 'Numbers (Data Types)'),
(6, 'Strings (Data Types)'),
(7, 'Arithmetic (Operators)'),
(8, 'Assignment (Operators)'),
(9, 'Comparison (Operators)'),
(10, 'Logical (Operators)'),
(11, 'Membership (Operators)'),
(12, 'if (Conditionals)'),
(13, 'elif (Conditionals)'),
(14, 'else (Conditionals)'),
(15, 'Lists (Collections)'),
(16, 'while (Loopings)'),
(17, 'for (Loopings)'),
(18, 'Dictionaries (Collections)'),
(19, 'Functions (Functions)'),
(20, 'Classes and Objects (OOP)'),
(21, 'Inheritance (OOP)'),
(22, 'Sets (Collections II)'),
(23, 'Tuples (Collections II)'),
(24, 'Math (Math)'),
(25, 'String Formatting (String Formatting)');

-- --------------------------------------------------------

--
-- Table structure for table `tbl_messages`
--

CREATE TABLE `tbl_messages` (
  `fld_id` int(11) NOT NULL,
  `fld_cid` int(11) NOT NULL,
  `fld_msg` text NOT NULL,
  `fld_timestamp` timestamp NOT NULL DEFAULT CURRENT_TIMESTAMP ON UPDATE CURRENT_TIMESTAMP
) ENGINE=InnoDB DEFAULT CHARSET=latin1;

--
-- Dumping data for table `tbl_messages`
--

INSERT INTO `tbl_messages` (`fld_id`, `fld_cid`, `fld_msg`, `fld_timestamp`) VALUES
(22, 1278, 'Hello admin! How are you? Can you please fix something about the for lesson. The lesson should be more specific in its explanations. Thank you. Have a great day.', '2020-01-19 19:15:34');

-- --------------------------------------------------------

--
-- Table structure for table `tbl_money`
--

CREATE TABLE `tbl_money` (
  `fld_id` int(11) NOT NULL,
  `fld_userid` int(11) NOT NULL,
  `fld_money` double NOT NULL,
  `fld_by` int(11) NOT NULL,
  `fld_timestamp` datetime NOT NULL
) ENGINE=InnoDB DEFAULT CHARSET=utf8mb4 COLLATE=utf8mb4_unicode_ci;

--
-- Dumping data for table `tbl_money`
--

INSERT INTO `tbl_money` (`fld_id`, `fld_userid`, `fld_money`, `fld_by`, `fld_timestamp`) VALUES
(24, 1189, 5, 1213, '2019-05-21 10:43:23'),
(25, 1189, 5, 1190, '2019-05-21 18:11:48'),
(26, 1189, 5, 1226, '2019-05-27 14:31:25'),
(27, 1189, 5, 1226, '2019-05-27 14:51:43'),
(28, 1189, 5, 1236, '2019-06-04 02:04:43'),
(29, 1189, 5, 1257, '2019-08-04 07:43:26');

-- --------------------------------------------------------

--
-- Table structure for table `tbl_private`
--

CREATE TABLE `tbl_private` (
  `fld_commentid` int(11) NOT NULL,
  `fld_userid` int(11) NOT NULL,
  `fld_lessonid` int(11) NOT NULL,
  `fld_comment` text NOT NULL,
  `fld_timestamp` datetime NOT NULL
) ENGINE=InnoDB DEFAULT CHARSET=latin1;

-- --------------------------------------------------------

--
-- Table structure for table `tbl_reasons`
--

CREATE TABLE `tbl_reasons` (
  `fld_reasonid` int(11) NOT NULL,
  `fld_reason` text COLLATE utf8mb4_unicode_ci NOT NULL
) ENGINE=InnoDB DEFAULT CHARSET=utf8mb4 COLLATE=utf8mb4_unicode_ci;

--
-- Dumping data for table `tbl_reasons`
--

INSERT INTO `tbl_reasons` (`fld_reasonid`, `fld_reason`) VALUES
(1, 'Offensive Language, Verbal Abuse and Hate Speech'),
(2, 'Violence'),
(3, 'Sexual Content'),
(4, 'Promotion of Prohibited Content (Drugs, Alcohol, Cigarettes)'),
(5, 'Spam'),
(6, 'Suicidal Content'),
(7, 'Other');

-- --------------------------------------------------------

--
-- Table structure for table `tbl_reported`
--

CREATE TABLE `tbl_reported` (
  `fld_id` int(11) NOT NULL,
  `fld_commentid` int(11) NOT NULL,
  `fld_reportedby` int(11) NOT NULL,
  `fld_reason` int(11) NOT NULL,
  `fld_message` text COLLATE utf8mb4_unicode_ci NOT NULL,
  `fld_timestamp` datetime NOT NULL
) ENGINE=InnoDB DEFAULT CHARSET=utf8mb4 COLLATE=utf8mb4_unicode_ci;

--
-- Dumping data for table `tbl_reported`
--

INSERT INTO `tbl_reported` (`fld_id`, `fld_commentid`, `fld_reportedby`, `fld_reason`, `fld_message`, `fld_timestamp`) VALUES
(17, 144, 1305, 7, '<p>test</p>', '2020-05-24 10:35:43'),
(18, 140, 1254, 7, 'Test', '2020-11-24 21:53:53'),
(19, 140, 1254, 5, 'Hi', '2020-11-24 22:07:33'),
(20, 140, 1254, 5, 'Hi', '2020-11-24 22:07:33'),
(21, 140, 1254, 5, 'Hi', '2020-11-24 22:07:33'),
(22, 171, 1189, 1, 'Arrogant', '2021-02-10 21:21:17'),
(23, 156, 1266, 1, 'jkafroo', '2022-01-04 15:42:55'),
(24, 156, 1266, 2, 'jkafroo', '2022-01-04 15:43:12'),
(25, 156, 1266, 1, 'jkafroo', '2022-01-04 15:43:27'),
(26, 156, 1266, 2, 'jkafroo', '2022-02-20 10:53:16');

-- --------------------------------------------------------

--
-- Table structure for table `tbl_reportedbyforum`
--

CREATE TABLE `tbl_reportedbyforum` (
  `fld_id` int(11) NOT NULL,
  `fld_commentid` int(11) NOT NULL,
  `fld_reportedby` int(11) NOT NULL,
  `fld_reason` int(11) NOT NULL,
  `fld_message` text COLLATE utf8mb4_unicode_ci NOT NULL,
  `fld_timestamp` datetime NOT NULL
) ENGINE=InnoDB DEFAULT CHARSET=utf8mb4 COLLATE=utf8mb4_unicode_ci;

--
-- Dumping data for table `tbl_reportedbyforum`
--

INSERT INTO `tbl_reportedbyforum` (`fld_id`, `fld_commentid`, `fld_reportedby`, `fld_reason`, `fld_message`, `fld_timestamp`) VALUES
(7, 57, 1266, 1, 'It is just offensive. Hahaha!', '2020-10-31 09:44:44'),
(8, 59, 1439, 5, 'Blank', '2020-11-22 06:37:48'),
(9, 61, 1439, 3, '   ', '2020-11-24 22:20:44'),
(10, 61, 1439, 3, '   ', '2020-11-24 22:21:06'),
(11, 61, 1439, 7, ' ', '2020-11-24 22:21:29'),
(12, 61, 1439, 7, '   ', '2020-11-24 22:21:44'),
(13, 61, 1439, 7, '   ', '2020-11-24 22:21:44'),
(14, 61, 1439, 7, '   ', '2020-11-24 22:21:44'),
(15, 55, 1189, 7, 'I am pissed off by this man.', '2021-02-10 21:22:56'),
(16, 75, 1266, 2, 'jkafroo', '2022-01-29 14:06:12'),
(17, 78, 1266, 3, 'jkafroo', '2022-04-09 19:28:07'),
(18, 78, 1266, 4, 'jkafroo', '2022-04-09 19:28:37');

-- --------------------------------------------------------

--
-- Table structure for table `tbl_users`
--

CREATE TABLE `tbl_users` (
  `fld_id` int(11) NOT NULL,
  `fld_username` varchar(50) NOT NULL,
  `fld_lastname` varchar(50) NOT NULL,
  `fld_firstname` varchar(50) NOT NULL,
  `fld_email` varchar(50) NOT NULL,
  `fld_phone` varchar(50) NOT NULL,
  `fld_role` varchar(50) NOT NULL,
  `fld_rank` varchar(50) NOT NULL,
  `fld_score` int(11) NOT NULL,
  `fld_verified` int(11) NOT NULL,
  `fld_verifcode` bigint(20) NOT NULL,
  `fld_cpverifcode` bigint(20) NOT NULL,
  `fld_password` text NOT NULL
) ENGINE=InnoDB DEFAULT CHARSET=latin1;

--
-- Dumping data for table `tbl_users`
--

INSERT INTO `tbl_users` (`fld_id`, `fld_username`, `fld_lastname`, `fld_firstname`, `fld_email`, `fld_phone`, `fld_role`, `fld_rank`, `fld_score`, `fld_verified`, `fld_verifcode`, `fld_cpverifcode`, `fld_password`) VALUES
(12, 'admin', 'Admin', 'PythoMy', '', '', 'Admin', 'Shadow', 0, 1, 0, 0, 'admin'),
(1189, 'DevArthur', 'Ramos', 'Arthur Tristan', 'atristanramos@gmail.com', '', 'Expert', 'Platinum', 2450, 1, 307360, 61760, 'Abcd123'),
(1193, 'newozxz24', 'Vargas', 'Owen Jasper', 'ownvrgs24@gmail.com', '', 'Novice', 'Shadow', 0, 1, 111224, 0, 'owenjasper24'),
(1206, 'cena223344', 'Cena', 'John', 'playstorecnx6@gmail.com', '', 'Novice', 'Shadow', 0, 1, 262562, 0, 'cena223344'),
(1227, 'Anthony', 'Calubaquib', 'Anthony', 'ajcalubaquib5@gmail.com', '09206234478', 'Novice', 'Shadow', 0, 0, 670190, 0, '12345678'),
(1230, 'Bojie222', 'Laguatan', 'Yrrej', 'laguatanspfl@gmail.com', '09663547987', 'Novice', 'Shadow', 100, 1, 748352, 0, '09216325980'),
(1231, 'Spooky', 'Dela Cruz', 'Prince Kyle', 'princekyledelacruz@gmail.com', '09296239196', 'Novice', 'Shadow', 25, 1, 169360, 0, 'prinsipe'),
(1232, 'Trebor', 'Cabitac', 'Vriohn Trebor', 'treborcabitac@gmail.com', '09338193041', 'Novice', 'Shadow', 25, 1, 137510, 0, 'Troubletacks'),
(1234, 'xxserene', 'Ruano', 'Pam', 'pamserene030@gmail.com', '09383345606', 'Novice', 'Shadow', 100, 1, 336982, 0, 'iamgemini'),
(1237, 'Elex', 'Pineda', 'Alexis', 'ixspnd.ap@gmail.com', '09151789825', 'Novice', 'Shadow', 25, 1, 715862, 0, 'wtfman123'),
(1242, 'Dave', 'Garabiles', 'Michael Dave', 'garabulesvirginia@gmail.com', '09771632936', 'Novice', 'Shadow', 0, 1, 97097, 0, 'michael019'),
(1244, 'Pypi', 'Pi', 'Py', 'dncngmchne714@gmail.com', '09772479633', 'Novice', 'Shadow', 25, 1, 797914, 0, 'password...'),
(1247, 'JohnnyDoe', 'Doe', 'Johnny', 'doe02309@gmail.com', '09999035977', 'Novice', 'Shadow', 100, 1, 344253, 0, 'Jdoe123'),
(1248, 'Samjel07', 'Galvez', 'Angelika Dawn Leanna ', 'anjelgalvez@ymail.com', '09178350592', 'Novice', 'Shadow', 25, 1, 836639, 0, 'Samurai112214'),
(1249, 'EngrJV', 'Pamintuan', 'Jayvee', 'engrkayveepamintuan@gmail.com', '09103058611', 'Novice', 'Shadow', 175, 1, 965393, 0, '031392'),
(1250, 'reggieyunah', 'Raynes', 'Reginald Patrick', 'reggieyunah@yahoo.com', '09173118525', 'Novice', 'Shadow', 0, 0, 134813, 0, 'fuckyouka'),
(1253, 'xd', 'Xf', 'Xd', 'xd@gmail.com', '09999999999', 'Novice', 'Shadow', 0, 0, 57951, 0, 'xd'),
(1254, 'Xjex', 'Manaloto', 'Xavier', 'xjmanaloto.05@gmail.com', '09771053480', 'Novice', 'Bronze', 15, 1, 468491, 0, '1234567'),
(1255, 'ianstrong21', 'Bernardo', 'Mark Ian', 'markianstrong21@gmail.com', '09123456789', 'Novice', 'Bronze', 200, 1, 209500, 0, 'markian'),
(1258, 'Jomel', 'Isidro', 'Jomel', 'jomelisidro.1998@gmail.com', '09187502818', 'Novice', 'Shadow', 0, 0, 434096, 0, 'jomel123'),
(1259, 'admin123', 'Pagsuyoin', 'Gerald', 'ginocoderis21@gmail.com', '09672976917', 'Novice', 'Shadow', 0, 1, 558468, 0, 'admin123'),
(1260, 'JohnDoes', 'Doe', 'John', 'rxplus2018rxplus2018@gmail.com', '09452118841', 'Novice', 'Shadow', 0, 0, 445189, 0, 'Googl3t3st!'),
(1261, 'JohnDoes123', 'Does', 'John', 'projectboracay2@gmail.com', '09452118841', 'Novice', 'Shadow', 0, 0, 787079, 0, 'Googl3t3st!'),
(1266, 'jkafroo', 'Kafrooka', 'Johnny', 'atristanramos99@gmail.com', '09123456789', 'Expert', 'Platinum', 1245, 1, 724392, 0, '123456'),
(1267, 'Johndoe', 'Doe', 'John ', 'dffitzg@gmail.com', '09452974640', 'Novice', 'Shadow', 0, 0, 625431, 0, 'Abcd1234'),
(1268, 'Hen', 'Camilon', 'Henry', 'henry26@gmail.com', '09089842263', 'Novice', 'Shadow', 0, 0, 92672, 0, 'atong26'),
(1270, 'Python', 'Isidro', 'Jomel', 'j@gmail.com', '09187502828', 'Novice', 'Shadow', 0, 0, 113003, 0, 'python12345'),
(1271, 'Louwiege', 'Rush', 'Louwiege', 'louwiegemc@gmail.com', '07964618199', 'Expert', 'Gold', 805, 1, 913466, 0, 'London@15'),
(1273, 'PainIsJustice', 'Wolfe', 'Grey ', 'brendenkstraight@gmail.com', '12312501255', 'Novice', 'Shadow', 100, 1, 47704, 0, '03302006'),
(1276, 'jdolores', 'Dolores', 'Johnny', 'pythomy@gmail.com', '09123456789', 'Expert', 'Platinum', 1943, 1, 933763, 0, '123456'),
(1278, 'Robin', 'Hood', 'Robin', 'arthurtristanramos@gmail.com', '09999035977', 'Novice', 'Shadow', 100, 1, 141781, 0, '123456'),
(1279, 'Bokalbo', 'Gonzales', 'Nicanor', 'nictondagreat@gmail.com', '09783898626', 'Novice', 'Shadow', 0, 0, 841896, 0, 'Asdafgaf12'),
(1280, 'mbronoso', 'Bronoso', 'Marvin', 'mbronoso@gmail.com', '09186975164', 'Novice', 'Shadow', 0, 1, 964458, 0, 'Dragon22'),
(1281, 'Fadillashinta', 'Ta', 'Shin', 'fadillashinta30@gmail.com', '08951423424', 'Novice', 'Shadow', 0, 1, 836339, 0, 'bigbang123'),
(1282, 'EduDublin', 'Dublin', 'Edu', 'babeldublin2019@gmail.com', '00871991282', 'Novice', 'Shadow', 0, 1, 543389, 0, 'Qwerty19@!'),
(1284, 'Playat', 'Playg', 'Play', 'gplayxnx@gmail.com', '06364908618', 'Novice', 'Shadow', 0, 0, 831635, 0, 'Google@123'),
(1285, 'Aakashtestid', 'Ku', 'Aakash', 'testidvin@gmail.com', '08130140537', 'Novice', 'Shadow', 0, 1, 670932, 0, 'aakash-123'),
(1286, 'craghu75', 'Chetty', 'Raghu', 'craghu75@yahoo.co.in', '07342042934', 'Novice', 'Shadow', 0, 0, 256127, 0, 'ra021975'),
(1287, 'newoxxz', 'Vargas', 'Owen Jasper ', '201710268@gordoncollege.edu.ph', '09065736463', 'Novice', 'Shadow', 0, 0, 398680, 0, 'owenjasper24'),
(1288, 'asdads14', 'Cruz', 'Jason Paul', 'asdads020913@gmail.com', '09186772169', 'Novice', 'Shadow', 25, 1, 188353, 0, 'janic020913'),
(1290, 'Meme', 'Fontila', 'Jaykim', 'celestinapandora@gmail.com', '09199227551', 'Novice', 'Shadow', 25, 1, 676194, 0, '123'),
(1293, 'ejfaraon', 'Faraon', 'Ej Darrell', 'darrellejfaraon@gmail.com', '09507822972', 'Novice', 'Shadow', 0, 1, 24579, 0, 'admin123!'),
(1294, 'austineraye', 'Aranda', 'Austin Ray', 'austinaranda27@gmail.com', '09561530963', 'Novice', 'Shadow', 25, 1, 688346, 0, 'arandaaustinray27'),
(1295, 'ProfTMalit24', 'Malit', 'Thirdy', 'tp3malit@gmail.com', '09322088978', 'Novice', 'Shadow', 100, 1, 678963, 0, 'damnu2'),
(1296, 'tenza19', 'Abrajano', 'Oscar', 'dovacarl@gmail.com', '09566294669', 'Novice', 'Shadow', 50, 1, 211470, 0, 'shikai48110199'),
(1297, 'ajames28', 'Lapiete', 'Allan James', 'allanjames949@gmail.com', '09124181287', 'Novice', 'Shadow', 125, 1, 240585, 0, 'allanjames'),
(1298, 'Cabs', 'Cabrera', 'Justin', 'myrmid678@gmail.com', '09235379184', 'Novice', 'Shadow', 55, 1, 193105, 0, 'cabs123'),
(1299, 'Ironman3000', 'Pagot', 'John Dominic', 'jdpagot@gmail.com', '09178083466', 'Novice', 'Shadow', 0, 1, 537260, 0, 'Ironman_pythomy2020'),
(1300, 'joshdevera21', 'De Vera', 'Josh Raynard', 'junixdevera@yahoo.com', '09260961547', 'Novice', 'Shadow', 0, 0, 437489, 0, 'h4rdt0gu3ssPW'),
(1302, 'lensky27', 'Alip', 'Christian', 'vchristianvictoria@gmail.com', '09568462188', 'Novice', 'Shadow', 100, 1, 267856, 0, 'quaswexfuckingexort'),
(1305, 'jem', 'Arrabe', 'Jem', 'jeremyxarrabe@gmail.com', '09260757349', 'Novice', 'Shadow', 0, 1, 161444, 0, '123'),
(1306, 'bryanbalolong', 'Balolong', 'Bryan', 'bryan.balolong@gmail.com', '09176285989', 'Novice', 'Bronze', 200, 1, 516191, 0, 'abc123'),
(1307, 'Deepupythan', 'Sharma', 'Deepak', 'deepoo.sharma@gmail.com', '+9425354114', 'Novice', 'Shadow', 0, 1, 522871, 0, 'deepu@786'),
(1308, 'vanflyheight', 'Flyheight', 'Van', 'vanflyheight01@gmail.com', '09122011383', 'Novice', 'Shadow', 100, 1, 977330, 0, 'leanne2147'),
(1311, 'eric', 'Ramos', 'Eric', 'ericramosofficial18@gmail.com', '09295836359', 'Novice', 'Shadow', 0, 1, 151702, 0, 'eric'),
(1315, 'Jdoeski', 'Nitro', 'Johnny', 'johnnystorm6518@gmail.com', '09999035977', 'Expert', 'Platinum', 1150, 1, 751129, 0, '123456'),
(1316, 'ccboracay@gmail.com', 'Doe', 'John', 'ccboracay@gmail.com', '09391617260', 'Novice', 'Shadow', 0, 1, 821341, 0, '$amgyupsal101!'),
(1317, 'acohsimarvin', 'Mallari', 'Marvin', 'mallarim003@gmail.com', '09163418804', 'Novice', 'Shadow', 100, 1, 851459, 0, 'Broadband12345'),
(1318, 'N.J', 'Viado', 'Jennifer', 'jenniferviado.jv@gmail.com', '09497022878', 'Novice', 'Bronze', 300, 1, 681914, 0, 'jenmatalino'),
(1319, 'Tristan', 'Redolme', 'Tristan', 'redolmestan360@gmail.com', '09206134073', 'Novice', 'Shadow', 0, 0, 598752, 0, 'robloxer360'),
(1320, 'Stan', 'Redolme', 'Stan', 'stanredolme22@gmail.com', '09206134073', 'Novice', 'Bronze', 300, 1, 76644, 0, 'robloxer360'),
(1321, 'Mico', 'Alop', 'Mitchell', 'micoalop1@gmail.com', '09237052692', 'Novice', 'Shadow', 100, 1, 416055, 0, 'Admin123'),
(1337, 'projectboracaytest@gmail.com', 'Boracay', 'Project', 'projectboracaytest@gmail.com', '09153812426', 'Novice', 'Shadow', 0, 1, 544029, 0, 'dfftest2020'),
(1338, 'geneah00', 'Bernarte', 'Geneah', 'geneahbernarte00@gmail.com', '09194244656', 'Novice', 'Shadow', 0, 1, 134271, 0, 'fuckery00'),
(1339, 'Gates', 'Hitch', 'Alex', 'alexplius764@gmail.com', '', 'Novice', 'Bronze', 225, 1, 9589, 0, 'jimmy12'),
(1340, 'Igotitcool', 'Slaughter', 'David', 'dbsjag69@gmail.com', '094058183', 'Novice', 'Shadow', 0, 1, 634984, 0, 'Pp5692020!'),
(1348, 'Bhavana', 'Reddy', 'Bhavana', 'bhavanagundapureddy@gmail.com', '09652598917', 'Novice', 'Shadow', 0, 0, 289855, 0, 'bhavana'),
(1349, 'Chinnu', 'Kc', 'Ponnani', 'tencysarageorge@ec.ajce.in', '098547087920', 'Novice', 'Shadow', 0, 0, 476817, 0, 'Tency@123'),
(1350, 'Ponnu', 'George', 'Tency', 'tencysarageorge@gmail.com', '098547087920', 'Novice', 'Shadow', 25, 1, 859732, 0, 'Tency@123'),
(1351, 'jimmy12', 'Hitch', 'Alex', 'fireforcenator@gmail.com', '', 'Novice', 'Bronze', 300, 1, 899662, 0, 'jason10'),
(1352, 'rix018', 'Miguel', 'Rix', 'rixmiguel@gmail.com', '', 'Novice', 'Bronze', 380, 1, 217748, 0, 'rix@0422'),
(1354, 'Harsh kumar ', 'Kumar', 'Harsh', 'warimmortal56@gmail.com', '097321067664', 'Novice', 'Shadow', 0, 0, 981748, 0, 'pyjavacc'),
(1355, 'Harsh kumar ', 'Kumar', 'Harsh', 'warimmortal56@gmail.com', '097321067664', 'Novice', 'Shadow', 0, 0, 435091, 0, 'pyjavacc'),
(1356, 'ANONYMOUS', 'Kumar', 'Learn', 'harshhackpy@gmail.com', '097321067664', 'Novice', 'Shadow', 0, 1, 75179, 0, '12345678'),
(1357, 'Nobs', 'Leongson', 'Sean', 'leongson_sean@yahoo.com', '09391756132', 'Novice', 'Shadow', 100, 1, 726109, 0, 'yeetusdeletus'),
(1358, 'Ompong', 'Novilla', 'Rodolfo', 'ompong.novilla@gmail.com', '09176695799', 'Novice', 'Bronze', 275, 1, 946092, 0, 'alikuteg#05Ompong'),
(1359, 'sriram', 'S B', 'Sriram', 'sriramsbkarur@gmail.com', '096379144123', 'Novice', 'Shadow', 0, 1, 749629, 0, 'Sri0579@1'),
(1363, 'Albin', 'Fredy', 'Albin', 'albinfredy7@gmail.com', '09400380255', 'Novice', 'Shadow', 0, 1, 46338, 0, 'albinece'),
(1379, 'jazz', 'Dominik', 'Johnny', 'jazztester6530@gmail.com', '09999035977', 'Expert', 'Platinum', 775, 1, 337183, 0, '123456'),
(1380, 'Joseph Kumar', 'Nagothu', 'Joseph Kumar', 'josephkumarchowdary@gmail.com', '09182252011', 'Novice', 'Shadow', 0, 1, 141066, 0, '12345678'),
(1381, 'sam_00_27', 'Deshmukh', 'Samiksha', 'samikshad2709@gmail.com', '09307732279', 'Novice', 'Shadow', 0, 1, 466288, 0, 'veda0604'),
(1382, 'Jahanwi ', 'Kumari', 'Jahanwi', 'muskanjahanwi76@gamail.com', '09931488622', 'Novice', 'Shadow', 0, 0, 825005, 0, 'muskanrishu'),
(1383, '@$umit @$aggu', 'Kumar', 'Sumit', 'sumitsaggu.420@gmail.com', '09729019015', 'Novice', 'Shadow', 100, 1, 968056, 0, '9729369015'),
(1384, 'JohnD', 'Doe', 'John', 'testboramnl@gmail.com', '09178373400', 'Novice', 'Shadow', 0, 1, 219329, 0, 'Test101'),
(1386, 'Jackson6', 'Jakc', 'Jacky', 'rasheedpoisson@gmail.com', '09546852369', 'Novice', 'Shadow', 0, 0, 498636, 0, 'djeja'),
(1387, 'Swetha', 'R', 'Swetha', 'swetharavi093@gmail.com', '', 'Novice', 'Shadow', 0, 1, 921910, 0, 'Swetha1412'),
(1388, 'messipy', 'Ch', 'Swamy', 'ch.swamy@gmail.com', '09630441407', 'Novice', 'Shadow', 0, 0, 440591, 0, 'Meghasri1~'),
(1389, 'kaix', 'Edwin', 'John', 'serranojohnedwin@gmail.com', '09469705881', 'Novice', 'Shadow', 0, 1, 711961, 0, 'johnedwin'),
(1390, 'marvin', 'Mallari', 'Marvin', '201810387@gordoncollege.edu.ph', '09163418804', 'Novice', 'Shadow', 0, 1, 572913, 0, 'mallariGC2020'),
(1391, 'JiVance', 'Balatbat', 'Jivan', 'lancebalatbat67@gmail.com', '09959906229', 'Novice', 'Shadow', 25, 1, 558002, 0, 'lance@525'),
(1392, 'sejey54', 'Ramirez', 'Chri John', 'sejey54@gmail.com', '09279318345', 'Novice', 'Shadow', 0, 1, 141684, 0, '121598@jm'),
(1393, 'viagrazielle', 'Torres', 'Via Grazielle', 'viagrazielletorres@gmail.com', '09511279228', 'Novice', 'Shadow', 100, 1, 257450, 0, 'vi@t0rres22'),
(1394, 'amiel.rios', 'Rios', 'Amiel', 'amiel.rios@gmail.com', '09772406774', 'Novice', 'Shadow', 25, 1, 225715, 0, '16001536200Log'),
(1395, 'Lorenzo', 'Diestro', 'Lawrenz', 'lawrenz248@gmail.com', '', 'Novice', 'Shadow', 25, 1, 224284, 0, '170824'),
(1396, 'SoJosi', 'So', 'Josi', 'sojosi@gmail.com', '', 'Novice', 'Shadow', 0, 0, 529727, 0, 'SoJosi'),
(1397, 'Josh', 'Senting', 'Joshmel', 'joshmelsentinf@gmail.com', '', 'Novice', 'Shadow', 0, 0, 12701, 0, 'turnbacktome'),
(1398, 'Skullkid1007', 'Kid', 'Jonks', 'skullkid1007@gmail.com', '', 'Novice', 'Bronze', 300, 1, 145403, 0, 'turnbacktome'),
(1399, 'nclmrclxx', 'Marcial', 'Nicole', 'nclmrclxx@gmail.com', '09984101216', 'Novice', 'Shadow', 0, 1, 184053, 0, 'nicole1231'),
(1402, 'jnvicente232', 'Vicente', 'Jon Neil', 'jnvicente232@yahoo.com', '09513346995', 'Novice', 'Bronze', 225, 1, 557680, 0, 'Manggahan8'),
(1403, 'maddy', 'Ddy', 'Ma', 'madhava404@gmail.com', '', 'Novice', 'Shadow', 0, 1, 99826, 0, 'maamadhu'),
(1404, 'Apoorva', 'Nagaraj', 'Apoorva', 'apoorvanagaraj147@gmail.com', '09108227461', 'Novice', 'Shadow', 0, 1, 390872, 0, 'apoorva'),
(1405, 'Marcroger22', 'Sevilla', 'Marc Roger', 'mrsevilla33@gmail.com', '09263815335', 'Novice', 'Shadow', 0, 0, 373835, 0, 'marcroger22'),
(1406, 'JeffNavarro', 'Navarro', 'Jefferson', 'jeffnavarro110@gmail.com', '09483744395', 'Novice', 'Shadow', 75, 1, 248312, 0, 'godennavarro'),
(1407, 'Srinidhi Sankar', 'Sankar', 'Srinidhi', 'ssrinidhi2002@gmail.com', '09080731429', 'Novice', 'Shadow', 25, 1, 120645, 0, 'sriphy@20'),
(1408, 'Johndoe123', 'Doe', 'John', 'ccboracay2020@gmail.com', '09452974807', 'Novice', 'Shadow', 0, 1, 551111, 0, 'Test1234!'),
(1409, '09094320977', 'Diestro', 'Lawrenz', 'diestrolawrenzsese@gmail.com', '', 'Novice', 'Shadow', 0, 0, 623376, 0, '17082416'),
(1410, 'a0935210570682', 'Chien Tsang', 'Pan', 'a0935210570602@gmail.com', '', 'Novice', 'Bronze', 225, 1, 773044, 0, '3135079602'),
(1411, 'Vladimer', 'Laguisma', 'Vladimer', 'vladimeracelaguisma@gmail.com', '09454124068', 'Novice', 'Shadow', 0, 0, 394142, 0, 'vladimer'),
(1413, 'Sumit', 'Kumar', 'Sumit', 'sumitsaggu2005@gmail.com', '09340117300', 'Novice', 'Shadow', 0, 0, 651651, 0, '9729369015'),
(1415, 'Sumit saggu', 'Kumar', 'Sumit', 'sumitkumar22012005@gmail.com', '09350117300', 'Novice', 'Shadow', 25, 1, 585213, 0, 'saggu'),
(1416, 'Ecosport24', 'Temporaza', 'Ryan', 'dreiyn.temp@gmail.com', '09121341713', 'Novice', 'Shadow', 0, 1, 308379, 0, 'admin24'),
(1417, 'Borabora123', 'Bond', 'James', 'pboracay123@gmail.com', '09172422399', 'Novice', 'Shadow', 0, 1, 911579, 0, 'borabora'),
(1421, 'Tiger', 'Neupane', 'Shankar', 'tigershankar1234@gmail.com', '09834543652', 'Novice', 'Shadow', 0, 0, 19123, 0, 'dreamss'),
(1422, 'Enime ', 'Neupane', 'Shankar', 'tigershankar12345@gmail.com', '09821947315', 'Novice', 'Shadow', 0, 0, 120533, 0, 'dreamss'),
(1423, 'Qamar Narziqulov', 'Narziqulov', 'Qamar', 'dfnitumisis@gmail.com', '', 'Novice', 'Shadow', 0, 0, 590694, 0, 'Qamar5455'),
(1425, 'Boracaytest', 'Test', 'Boracay', 'ccboracay.training@gmail.com', '09152647521', 'Novice', 'Shadow', 0, 1, 787760, 0, 'Dfftest2020'),
(1426, 'abibok', 'Abibok', 'Yulia', 'y.abibok@gmail.com', '', 'Novice', 'Silver', 625, 1, 619007, 0, 'Vienna090120'),
(1427, 'Chate_ann', 'Ann', 'Chate', 'maliasisles@gmail.com', '09504061102', 'Novice', 'Shadow', 0, 1, 835194, 0, 'amhz12272009'),
(1428, 'Boracay', 'Doe', 'John', 'ccdff2020@gmail.com', '09178425103', 'Novice', 'Shadow', 0, 0, 749939, 0, '12345test'),
(1430, 'AnnaDelaVega', 'Dela Vega', 'Annaliza', 'rumusudanna@gmail.com', '09069178671', 'Novice', 'Shadow', 0, 1, 939791, 0, 'SEPTEMBER272000'),
(1431, 'sergeantngiwe', 'Granil', 'Simon Gerard', 'simongerardgranil10@gmail.com', '09155177284', 'Novice', 'Shadow', 25, 1, 154092, 0, 'exodus11!'),
(1432, 'Alisselaviena', 'Santana', 'Yaralisse', 'alisselaviena@gmail.com', '', 'Novice', 'Shadow', 0, 0, 920642, 0, 'J@haziel01'),
(1433, 'Qamar', 'Narziev', 'Qamar', 'himik5455@gmail.com', '', 'Novice', 'Shadow', 0, 1, 419381, 0, 'Qamar5455'),
(1434, 'Wolle', 'Herzinger', 'Wolfgang', 'wolfgang-herzinger@freenet.de', '', 'Novice', 'Shadow', 0, 0, 788989, 0, 'xforceapp'),
(1439, 'Xjeex', 'Manaloto', 'Xavier', 'dev.xjmanaloto@gmail.com', '', 'Expert', 'Platinum', 3050, 1, 298312, 0, '19971225'),
(1440, 'Bhiloy', 'Bondoc', 'Dimple Jane', 'dimplebondoc@gmail.com', '', 'Novice', 'Shadow', 0, 1, 469187, 0, '123123123'),
(1441, 'Cmsolution', 'Mena', 'Carlos', 'cmsolution@gmail.com', '', 'Novice', 'Shadow', 0, 1, 841469, 0, 'asdasd123'),
(1443, 'devtezter', 'Diddy', 'Test', 'tesriana290@gmail.com', '', 'Expert', 'Platinum', 1025, 1, 451640, 680307, '123456'),
(1444, 'Satwik', 'Gawas', 'Satwik', 'satwikgawas1998@gmail.com', '09130598050', 'Novice', 'Shadow', 90, 1, 825549, 0, 'SATsat123'),
(1450, 'Hilary', 'Hilario', 'Hanna', 'hilariohannab@gmail.com', '09499688113', 'Novice', 'Silver', 450, 1, 878716, 0, '1234567'),
(1454, 'djkhalid', 'Zeus', 'Montel', 'zeusreeves205@gmail.com', '09123456789', 'Novice', 'Silver', 400, 1, 287400, 0, '123456'),
(1457, 'test_1', 'Testing', 'Xavie-q', 'thetes_@gmail.com', '09123456789', 'Novice', 'Shadow', 0, 0, 956796, 0, 'test_1'),
(1458, 'tes-edu', 'Ty', 'Tes-ting', 'test@tes.edu', '09123456789', 'Novice', 'Shadow', 0, 0, 596544, 0, '1'),
(1460, 'Mocktester', 'Webmaster', 'Pythomy', 'pythomywebmaster@gmail.com', '', 'Novice', 'Shadow', 0, 1, 912770, 0, '123456'),
(1461, 'MGKaungTamu', 'Kaung', 'Mg', 'kaung2356@gmail.com', '+959678244485', 'Novice', 'Shadow', 0, 0, 915500, 0, '068208KoKo'),
(1463, 'Cadaysay1@hotmail.com ', 'Said', 'Mohamed', 'cadaysay1@hotmail.com', '7503047143', 'Novice', 'Shadow', 0, 1, 981670, 0, 'Mohamed@12'),
(1464, 'Foggiee', 'Moore', 'C', 'foggie_2@hotmail.com', '', 'Novice', 'Bronze', 225, 1, 681669, 0, 'Potatol0ll'),
(1465, 'nordic', 'West', 'Flint', 'grndlrd@gmail.com', '', 'Novice', 'Shadow', 25, 1, 885980, 0, 'Hell0lleH'),
(1466, 'Zeal940731', 'Muyano', 'Michael Jan', 'zeal940731@gmail.com', '09277281580', 'Novice', 'Shadow', 0, 1, 63872, 0, 'Test@123'),
(1467, 'Ahmed', 'Hassan', 'Ahmed', 'ah3372857@gmail.com', '0112605010209', 'Novice', 'Shadow', 0, 0, 401974, 0, '52111924'),
(1469, 'Jeanncy', 'Mpoyi', 'Jeancy', 'jeancympoyi6@gmail.com', '+243851964396', 'Novice', 'Shadow', 0, 0, 876692, 0, '0851964396'),
(1470, 'Divyakumari', 'Manda', 'Divyakumari', 'MandaMANDADIVYAKUMARI@Gmail.com', '098519982502', 'Novice', 'Shadow', 0, 0, 244475, 0, '85199'),
(1473, 'MarcusGates', 'Botalon', 'Leandro', 'marcusgates01@gmail.com', '09122011383', 'Novice', 'Shadow', 0, 0, 677516, 0, 'leanne2147'),
(1474, 'hollytillery6@gmail.com', 'Die', 'Chuck', 'hollytillery6@gmail.com', '', 'Novice', 'Shadow', 0, 0, 160613, 0, 'Exitman1982$'),
(1475, 'stevenzhou09', 'Zhou', 'Steven', 'usastevenchou@gmail.com', '0915837703771', 'Novice', 'Shadow', 0, 1, 655792, 0, 'Kwwxbb1234'),
(1476, 'Khan', 'Khan', 'Yasir', 'yasirkhanone22@gmail.com', '3096372344', 'Novice', 'Shadow', 0, 1, 670654, 0, 'qwertyPYTHOMY'),
(1477, 'Scooba907', 'Walsh', 'Stephen', 'walshstephenc@gmail.com', '5099075107', 'Novice', 'Shadow', 0, 0, 982666, 0, 'Redskins@907'),
(1478, 'Scooba907', 'Walsh', 'Stephen', 'walshstephenc@gmail.com', '5099075107', 'Novice', 'Shadow', 0, 0, 266392, 0, 'Redskins@907'),
(1479, 'Bahi', 'Bahioa', 'Bahi', 'bahioa@yahoo.fr', '', 'Novice', 'Shadow', 0, 0, 848813, 0, '31octobre1973'),
(1480, 'Bahoo', 'Bahioa', 'Bahi', 'bahioa2015@gmail.com', '', 'Novice', 'Shadow', 0, 0, 116559, 0, '31octobre1973'),
(1481, 'Frank2519', 'Valadez', 'Frank', 'javiervaladez025@gmail.com', '', 'Novice', 'Shadow', 0, 0, 18127, 0, 'sisko2519'),
(1482, 'Tashi', 'Phuntsho', 'Tashi', 'tashi.phuntsho2020@education.gov.bt', '', 'Novice', 'Shadow', 0, 0, 204825, 0, 'InterneT27200'),
(1483, 'Wgler', 'Dos Dantos Gomes', 'Wglaer', 'h.wgler@gmail.com', '+55063984090607', 'Novice', 'Shadow', 0, 0, 986100, 0, 'mUdarsenh@'),
(1484, 'Jctest', 'Test', 'Juls', 'juls.easypos@gmail.com', '', 'Novice', 'Shadow', 0, 0, 756487, 0, '12345678'),
(1485, 'Chylo36', 'Hyland', 'Colin', 'chylo36@yahoo.com', '086-2692297 ', 'Novice', 'Shadow', 0, 0, 644088, 0, 'minerva68'),
(1486, 'Surya', 'Pal', 'Surya', 'paulmo198907@gmail.com', '8319176203', 'Novice', 'Shadow', 0, 0, 8896, 0, 'monu5933'),
(1488, 'Shubi hi', 'Parveen', 'Rubeena', 'rp01061990@gmail.com', '7999162946', 'Novice', 'Shadow', 0, 0, 912008, 0, 'madeena786'),
(1490, 'priyankaparab12345@gmail.com', 'Parab', 'Priyanka', 'priyankaparab12345@gmail.com', '8237073408', 'Novice', 'Shadow', 0, 0, 48799, 0, '281415abc'),
(1492, 'Sagar441', 'Ghodke', 'Sagar', 'sagarghodke441@gmail.com', '8208541282', 'Novice', 'Shadow', 0, 0, 294641, 0, 'gurudev999'),
(1493, 'austinray-bsit', 'Aranda', 'Austin Ray ', '201810144@gordoncollege.edu.ph', '09561530963', 'Novice', 'Shadow', 0, 0, 258634, 0, 'Admin123!'),
(1494, 'ey45ey@gmail.com ', 'Eh', 'Fardin', 'ey45ey@gmail.com', '', 'Novice', 'Shadow', 0, 0, 815373, 0, 'fn4531fn'),
(1495, 'fn45fn', 'Eh', 'Fardin', 'ey45ey@yahoo.com', '+989187294509', 'Novice', 'Shadow', 0, 0, 725868, 0, 'fn4531fn'),
(1497, 'AlphaSpec', 'Sh', 'Anton', 'alphaspec@mail.ru', '', 'Novice', 'Shadow', 0, 0, 861272, 0, 'alpha147'),
(1498, 'Hydara134', 'Hydara', 'Ousman', 'hydara134@Gmail.com', '074591711', 'Novice', 'Shadow', 0, 0, 228362, 0, '6737601o'),
(1499, 'Kiran', 'Kadam', 'Kiran', 'kirankadam8119@gmail.com', '7972551372', 'Novice', 'Shadow', 0, 0, 865315, 0, '19201245'),
(1500, 'Kiran', 'Kadam', 'Kiran', 'kirankadam8119@gmail.com', '7972551372', 'Novice', 'Shadow', 0, 0, 459963, 0, '19201245'),
(1501, 'Aleks ', 'Zivo', 'Aleks', 'a23.12.89@hotmail.com', '', 'Novice', 'Shadow', 0, 0, 29998, 0, 'xsarmax1'),
(1502, 'Deez', 'Mudau', 'Dembe', 'dembebiggy@gmail.com', '27662538480', 'Novice', 'Shadow', 0, 0, 389294, 0, 'Dembe3749'),
(1503, 'Jegan', '.u', 'Jegannathan', 'umajegan786@gmail.com', '9087083781', 'Novice', 'Shadow', 0, 0, 571638, 0, 'muthurangamumapathy'),
(1507, 'Distinct_sci', 'Ajileye', 'Olaoluwa', 'ajileyeolaoluwa@gmail.com', '', 'Novice', 'Shadow', 0, 0, 685582, 0, 'Jinglebe1!'),
(1508, 'Gusakov', 'Roman', 'Gusakov', 'romandruck@gmail.com', '+37499100564', 'Novice', 'Shadow', 0, 0, 294110, 0, 'Gusak0vR'),
(1509, 'salisu abdurrahman Muhammad', 'Muhammad', 'Salisu', 'salisunuku333@gmail.com', '09083810396', 'Novice', 'Shadow', 0, 0, 512587, 0, '08083810396'),
(1511, 'Hdjsjdj', 'Jshdjdndn', 'Jdjdjdjd', 'bleepblorp29@gmail.com', '', 'Novice', 'Shadow', 0, 0, 858727, 0, 'wordpass777'),
(1512, 'Username1', 'Hdjdjdndndn', 'Username', 'oncetwicethreetimesanemail@gmail.com', '', 'Novice', 'Shadow', 0, 0, 332849, 0, 'wordpass777'),
(1513, 'Hema20', 'Murugan', 'Hemapriya', 'hemapriyaeee20@gmail.com', '8925073055', 'Novice', 'Shadow', 0, 0, 476725, 0, 'priya1058'),
(1514, 'Supersudo', 'Sudo', 'Super', 'supersudo@tuta.io', '', 'Novice', 'Shadow', 0, 0, 860586, 0, 'hQ6yCcpChJn25u'),
(1515, 'Maheshwari.U', 'U', 'Maheshwari', 'upmm0054@gmail.com', '9952271171', 'Novice', 'Shadow', 0, 0, 857598, 0, 'Mahesh@01'),
(1518, 'Hello', 'Lakshmi', 'Sree', 'sreelakshmi10b@gmail.com', '9895952242', 'Novice', 'Shadow', 0, 0, 305500, 0, 'Biriyani'),
(1530, 'Jayasree', 'Lakshmi', 'Sree', '10bsreelakshmi@gmail.com', '+91 9895952242', 'Novice', 'Shadow', 0, 0, 106561, 0, 'Biriyani'),
(1533, 'Wglaer', 'Dos Santos Gomes', 'Wglaer', 'h_wglaer@hotmail.com', '+55 63 984090607', 'Novice', 'Shadow', 0, 0, 316804, 0, '@123456'),
(1534, 'romens', 'Gusakov', 'Roman', 'romandruck20021976@gmail.com', '+37499100564', 'Novice', 'Shadow', 0, 0, 521390, 0, 'Gusak0vR'),
(1535, 'Niharika Gogineni', 'Gogineni', 'Niharika', 'niharikagogineni72@gmail.com', '9618745062', 'Novice', 'Shadow', 0, 0, 525989, 0, 'vani3112nihari'),
(1536, 'Niharika', 'Gogineni', 'Niharika', 'niharika.vignan@gmail.com', '9618745062', 'Novice', 'Shadow', 0, 0, 925808, 0, 'vani3112nihari'),
(1537, 'Aishwarya', 'Nair', 'Aishwarya', 'jaiganesh46623@gmail.com', '7043535805', 'Novice', 'Shadow', 0, 0, 639112, 0, 'harisharanam'),
(1538, 'Tims', 'Cortez', 'Timothy', 'tmcortez19@gmail.com', '09266563759', 'Novice', 'Shadow', 0, 1, 900907, 0, 'tmcortez19'),
(1540, 'Andy77', 'More', 'Andreas', 'andreasmoore333@gmail.com', '', 'Novice', 'Shadow', 0, 0, 221487, 0, 'Goopingfatass\"*\''),
(1541, 'Sushma Reddy', 'Reddy', 'Sushma', 'palaprolusushma123@gmail.com', '7993037111', 'Novice', 'Shadow', 0, 0, 221651, 0, 'sushma123'),
(1542, 'joaogabrielesouza', 'Priedols E Souza', 'Joo Gabriel', 'contato.joaogabrielesouza@gmail.com', '+5511997839068', 'Novice', 'Shadow', 0, 0, 268959, 0, 'Jps12345*'),
(1543, 'soliman ', 'Khalaf', 'Soliman', 'solimankhalaf2812@gmail.com', '00201024815420', 'Novice', 'Shadow', 0, 0, 160452, 0, '01152917659'),
(1545, 'Mansooor', 'Karimi', 'Mansour', 'mansour.technology@gmail.com', '', 'Novice', 'Shadow', 0, 0, 104091, 0, 'mansour3341101'),
(1546, 'Zealous0703', 'Sandilyan', 'Priyadarshini', 'priyasandy2004@gmail.com', '9821884998', 'Novice', 'Shadow', 0, 0, 46816, 0, 'jungkook1997'),
(1547, 'private23', 'Gonzales', 'Christian', 'mrcagonzales@gmail.com', '09300978123', 'Novice', 'Shadow', 0, 1, 743731, 0, 'password!@!@'),
(1548, '123', 'Qwe', 'Qweq', 'qwe@gg.com', '09000123123', 'Novice', 'Shadow', 0, 0, 589780, 0, '123123'),
(1549, 'qwekqwek', 'Qweqwe', 'Qweqwe', 'qwe@qawe.com', '09123456789', 'Novice', 'Shadow', 0, 0, 406365, 0, 'qwekqwek111'),
(1550, 'password2234', 'Gooonzales', 'Electricfan', 'pekengemail@gmail.com', '09312412512', 'Novice', 'Shadow', 0, 1, 508509, 0, 'password123123'),
(1552, 'qwek1234', 'Qwekqwek', 'Qwekqwekqwek', 'qwekqwek111@qwekqwek.com', '09123987152', 'Novice', 'Shadow', 0, 0, 633852, 0, '123qwe'),
(1553, 'kingda', 'Jaaa', 'Juaaan', 'asdasdasd123@gma.com', '09123421427', 'Novice', 'Shadow', 0, 1, 303876, 0, 'kingda123'),
(1554, 'Thota sai Anjali', 'Thota', 'Sai Anjali', 'saianjali.t_ece2019@svce.edu.in', '9542176966', 'Novice', 'Shadow', 0, 0, 999134, 0, 'anjalithota569@'),
(1555, 'Thota sai Anjali', 'Thota', 'Sai Anjali', 'saianjali.t_ece2019@svce.edu.in', '9542176966', 'Novice', 'Shadow', 0, 0, 451046, 0, 'anjalithota569@'),
(1558, 'Bvns', 'Nanda Gopal', 'Bakki', 'venkatramulubakki1@gmail.com', '9912974749', 'Novice', 'Shadow', 0, 0, 876515, 0, 'Bvns1234'),
(1559, 'Bvns', 'Nanda Gopal', 'Bakki', 'venkatramulubakki1@gmail.com', '9912974749', 'Novice', 'Shadow', 0, 0, 747140, 0, 'Bvns1234'),
(1560, 'Yuriji', 'Ji', 'Yuri', 'Yureji5504@email.com', '09451192640', 'Novice', 'Shadow', 0, 0, 377284, 0, '008652'),
(1561, 'Arpit Tiwari ', 'Tiwari', 'Arpit', 'tiwariarpit5002@gmail.com', '9039320270', 'Novice', 'Shadow', 0, 0, 80793, 0, '2626262626AATT'),
(1563, 'Raghavan setty', 'Setty', 'Raghavan', 'raghavansetty@gmail.com', '+919176120377', 'Novice', 'Shadow', 0, 0, 23668, 0, 'Green@Home66'),
(1564, 'Pushpavally SR', 'Sr', 'Pushpavally', 'pushparagh@gmail.com', '+91 7605022888', 'Novice', 'Shadow', 0, 0, 171463, 0, 'Pushpa@2205'),
(1565, 'Erin', 'Sandilyan', 'Priyadarshini', 'geethasomu78@gmail.com', '9821884998', 'Novice', 'Shadow', 0, 0, 864707, 0, 'jungkook1997'),
(1566, 'Deepika Abburi', 'Deepika', 'Abburi', 'abburideepika2001@gmail.com', '7330838467', 'Novice', 'Shadow', 0, 0, 276200, 0, 'Deepu30'),
(1567, 'Deepika', 'Deepika', 'Abburi', 'deepikachinni10@gmail.com', '9063055729', 'Novice', 'Shadow', 0, 0, 990133, 0, 'deepu30'),
(1568, 'vizarce', 'Zhakun', 'Vitaliy', 'vizarce@gmail.com', '', 'Novice', 'Shadow', 0, 0, 458432, 0, 'New2York!'),
(1569, 'revolve282', 'Carr', 'Brian', 'sidlanier0@gmail.com', '', 'Novice', 'Shadow', 0, 0, 246393, 0, 'lavage282'),
(1570, 'Shsdiakita@gmail.com', 'Ak', 'Shadi', 'Shsdiakita@gmail.com', '', 'Novice', 'Shadow', 0, 0, 260914, 0, 'shadi012'),
(1571, 'Sh', 'Ak', 'Shadi', 'shadiakita@gmail.com', '', 'Novice', 'Shadow', 0, 0, 582796, 0, 'sh012'),
(1572, 'Anjali_02', 'Jain', 'Anjali', '9039626908anjali@gmail.com', '9039626908', 'Novice', 'Shadow', 0, 0, 815472, 0, 'aj0202'),
(1574, 'Pastor', 'Phuti', 'Tshepang', 'phutitshepang08@gmail.com', '0634152377', 'Novice', 'Shadow', 0, 0, 85124, 0, 'tshepang20021234'),
(1576, 'SR', 'R', 'S', 'sim2001rankalam@gmail.com.com', '7405201924', 'Novice', 'Shadow', 0, 0, 626804, 0, 'kedarnath30'),
(1577, 'simi', 'R', 'Simi', 'sim2001rankalam@gmail.com', '7405201924', 'Novice', 'Shadow', 0, 0, 111853, 0, 'kedarnath30'),
(1578, 'Adhish ', 'K', 'Ashish', 'ka4520209@gmail.com', '', 'Novice', 'Shadow', 0, 0, 531739, 0, 'rashimka'),
(1579, 'Nyknu', 'Lin', 'Nyan', 'cristinakg221@gmail.com', '', 'Novice', 'Shadow', 0, 0, 569713, 0, 'lin@123@'),
(1580, 'Satish sharma', 'Sharma', 'Satish', 'sharmavikas555@gmail.com', '9929120441', 'Novice', 'Shadow', 0, 0, 333872, 0, 'hellopython'),
(1581, 'Satishsharma', 'Sharma', 'Satish', 'sharmasatish1580@gmail.com', '9929120441', 'Novice', 'Shadow', 0, 0, 227749, 0, 'hellopython'),
(1582, 'Cassi', 'Decimo', 'Cassiopeia', 'casseydejesus15@gmail.com', '09317750831', 'Novice', 'Shadow', 0, 0, 471348, 0, 'chupakabra1'),
(1583, 'Cassi', 'Decimo', 'Cassiopeia', 'casseydejesus15@gmail.com', '09317750831', 'Novice', 'Shadow', 0, 0, 815340, 0, 'chupakabra1'),
(1584, 'Shemshemthebest1', 'Gbemigakaye', 'Tioluwani', 'topekayejo@gmail.com', '09019484982', 'Novice', 'Shadow', 0, 0, 888263, 0, 'Oluwasemilore'),
(1585, 'Mrs Rose', 'Mary', 'Rose', 'msrosemaryadaugo@gmail.com', '', 'Novice', 'Shadow', 0, 0, 78742, 0, 'jesumi.com'),
(1586, 'Nikita', 'Dhumal', 'Nikita', 'nikitadhumal187@gmail.com', '7058981357', 'Novice', 'Shadow', 0, 0, 682949, 0, 'nikitadhumal'),
(1587, 'Hari', 'S', 'Hariharan', 'hari66144@gmail.com', '096374661628', 'Novice', 'Shadow', 0, 0, 795958, 0, 'Hari@2002'),
(1588, 'Hari', 'S', 'Hariharan', 'hari66144@gmail.com', '096374661628', 'Novice', 'Shadow', 0, 0, 516267, 0, 'Hari@2002'),
(1589, 'PythDev', 'Gingpis', 'John Paul', 'johnpaulgingpis26@gmail.com', '09388609218', 'Novice', 'Bronze', 225, 1, 599429, 0, '123456'),
(1591, 'Marx', 'Diestro', 'Jerry Marc', 'jerrymarcdiestro08@gmail.com', '09093013549', 'Novice', 'Shadow', 0, 0, 293382, 0, 'asadasadqweqwe08'),
(1592, 'eskeller', 'Keller', 'Erika Frieda Sofie ', 'eskeller@up.edu.ph', '09064153961', 'Novice', 'Shadow', 0, 0, 252549, 0, '123456'),
(1593, 'Psalmantha', 'Fajardo', 'Margarette', 'fajardomargarette@gmail.com', '639665881944', 'Novice', 'Shadow', 100, 1, 496567, 0, 'Psalm@374'),
(1594, 'Yuan23', 'Batulan', 'Juan', 'juanbatulan1@gmail.com', '09569013018', 'Novice', 'Shadow', 0, 0, 285215, 0, 'Juanbatulan23'),
(1595, 'Annedrea', 'Orca', 'Andrea Anne', 'annedreaorca@gmail.com', '09984092760', 'Novice', 'Shadow', 0, 0, 242735, 0, 'A1027200318'),
(1596, 'Prudhvi', 'Raj', 'Prudhvi', 'prudhvirajkada1999@gmail.com', '7095665182', 'Novice', 'Shadow', 0, 0, 245456, 0, 'prudhviraj'),
(1598, 'Yuan', 'Batulan', 'Juan', 'batulanjuan1@gmail.com', '09569013018', 'Novice', 'Shadow', 0, 1, 523544, 0, 'Juanbatulan23'),
(1599, 'Wally35', 'Bayola', 'Wally', 'randmodmail@gmail.com', '097282936281', 'Novice', 'Shadow', 0, 0, 707963, 0, 'Wally09'),
(1600, 'Wally100', 'Bayola', 'Wqlly', 'randomod@gmail.com', '0927381927', 'Novice', 'Shadow', 0, 0, 70075, 0, 'Wally100'),
(1601, 'test', 'Example', 'Test', 'test@example.com', '', 'Novice', 'Shadow', 0, 1, 491562, 0, '123123'),
(1602, 'test123', 'Example', 'Test', 'test123@example.com', '', 'Novice', 'Shadow', 0, 1, 611734, 0, '123123'),
(1603, 'test321', 'Three', 'Test', 'test321@example.com', '', 'Novice', 'Shadow', 0, 1, 756910, 0, '123123'),
(1604, 'sync00', 'Enriquez', 'Julius', 'juliussenriquez@gmail.com', '09488802555', 'Novice', 'Shadow', 0, 1, 948821, 0, 'Aa1234567...'),
(1605, 'MUGILAN', 'J', 'Mugilan', 'jmugilan2005@gmail.com', '+918946025509', 'Novice', 'Shadow', 0, 1, 551040, 0, 'mugilan'),
(1606, 'dibya_dpm', 'Dibya', 'Dibya', 'mishradibya14@gmail.com', '09962067557', 'Novice', 'Shadow', 0, 1, 731067, 0, 'dibya'),
(1607, 'Username4', 'Berg', 'Johanna', 'systemhacker@gmail.com', '0832600108', 'Novice', 'Shadow', 0, 1, 960507, 0, '4kmccx72'),
(1608, 'Simon', 'Magaji', 'Simon', 'milleniummagaji4@gmail.com', '09134122221', 'Novice', 'Shadow', 100, 1, 928583, 0, '00000'),
(1609, 'Mein', 'Sola', 'Jermein', 'jermeinsolaofficial@gmail.com', '09951821093', 'Novice', 'Shadow', 0, 1, 329637, 0, 'bunjing123'),
(1611, 'Fikile', 'Maphanga', 'Fikile', 'lucindahmaphanga@gmail.com', '0606511464', 'Novice', 'Shadow', 0, 1, 627464, 0, 'Fiki@523'),
(1612, 'Krrish', 'Kumar', 'Krish', 'kishorekumar200417@gmail.com', '8838771930', 'Novice', 'Shadow', 0, 1, 601176, 0, 'radhakrishna'),
(1613, 'dilnawaz', 'Khan', 'Dil Nawaz', 'dilnawazwatt@gmail.com', '00923432408640', 'Novice', 'Shadow', 0, 1, 392480, 0, 'mekotex40427'),
(1614, 'Anette', 'Muriuki', 'Anette', 'waithereroanette@gmail.com', '0768488220', 'Novice', 'Shadow', 0, 1, 446838, 0, 'anette2000'),
(1615, 'Mazhar786', 'Iqbal', 'Mazhar', 'm.i.khattak786b@gmail.com', '09667422888', 'Novice', 'Shadow', 0, 1, 470800, 0, '970681'),
(1616, 'rachnasomveeryadav@gmail.com', 'Yadav', 'Rachnasomveer', 'rachnasomveeryadav@gmail.com', 'rachnasomveeryadav@gmail.com', 'Novice', 'Shadow', 0, 1, 525210, 0, 'x05DB4jp!NjrBCA'),
(1620, 'BOBO', 'Bah', 'Dianbobo', 'makiacouture@gmail.com', '', 'Novice', 'Shadow', 0, 1, 277, 0, 'makia123'),
(1623, 'Tester43', 'Test', 'Test', 'pythomy.tester@gmail.com', '', 'Novice', 'Shadow', 0, 1, 20069, 0, '123456'),
(1624, 'Raniameligy', 'Meligy', 'Rania', 'rania_miligy@hotmail.com', '01061333994 ', 'Novice', 'Shadow', 0, 0, 826948, 0, '1392010'),
(1626, 'Rania meligy ', 'Meligy', 'Rania', 'raniameligy@gmail.com', '01061333994 ', 'Novice', 'Shadow', 0, 0, 992643, 0, '1392010'),
(1627, 'Ho17000', 'Bess', 'Hocci', 'hocinebessaou@gmail.com', '', 'Novice', 'Shadow', 0, 0, 666439, 0, 'Rod_06000'),
(1628, 'ZarakRather', 'Rather', 'Zarak', 'Ratherzarak9@gmail.com', '7889572434', 'Novice', 'Shadow', 0, 0, 248848, 0, 'zzzzmmmm'),
(1629, 'Sahil', 'Rana', 'Sahil', 'sr2607577@gmail.com', '6396414876', 'Novice', 'Shadow', 0, 1, 926076, 0, '102030sr'),
(1630, 'cgnweb', 'Web', 'Cgn', 'cgn.offor@gmail.com', '', 'Novice', 'Shadow', 0, 0, 976546, 0, 'nokia2010'),
(1631, 'malron', 'Malron', 'Gayita', 'mtkelce@gmail.com', '0703518783', 'Novice', 'Shadow', 0, 0, 12875, 0, '4420019192'),
(1633, '@minkhant86', 'Khat', 'Min', 'bigbog.bog88888@gmail.com', '09957723709', 'Novice', 'Shadow', 0, 0, 133415, 0, 'minkhant86'),
(1634, 'hhhhhhhhh', 'Hhh', 'Hhh', 'hhh@gmail.com', '', 'Novice', 'Shadow', 0, 0, 557077, 0, 'hhhhhh'),
(1635, 'asdfghj', 'Hhhhhhhhh', 'Hhhhhhhhh', 'hhhh@gmail.com', '', 'Novice', 'Shadow', 0, 0, 29703, 0, 'Hhhhhh'),
(1636, 'affan', 'Irfany', 'Affan', 'affanirfany@gmail.com', '', 'Novice', 'Shadow', 0, 0, 6035, 0, '66666666'),
(1637, 'Mbutii', 'Mwamhua', 'Cyrus', 'cyrusmwambua@gmail.com', '09790474586 ', 'Novice', 'Shadow', 25, 1, 39799, 0, 'cyrus059'),
(1638, 'ynlvr', 'Lvr', 'Yn', 'irdinaaizah@gmail.com', '16-3723713', 'Novice', 'Shadow', 100, 1, 815972, 0, 'aizah1301'),
(1639, '09951138790', 'Navarro', 'Rhay Paul', 'kirahfacebook01@gmail.com', '', 'Novice', 'Shadow', 0, 0, 614734, 0, 'Kirah2425'),
(1641, 'marlboro', 'Boro', 'Marl', 'marlboro@gmail.com', '09111111111', 'Novice', 'Shadow', 0, 0, 353006, 0, '12341234'),
(1642, 'Sec', 'P', 'Semmalar', 'Semmalarprem@gmail.com', '', 'Novice', 'Shadow', 0, 1, 243444, 0, '1420'),
(1643, 'Forever07', 'Mo\'ydinov', 'Doston', 'Kelajak054@gmail.com', '', 'Novice', 'Shadow', 0, 1, 446607, 0, 'Forever07#'),
(1644, 'Jessent08', 'Suniga', 'John Vincent', 'sunigajohnvincent98@gmail.com', '09099548905', 'Novice', 'Shadow', 55, 1, 577330, 0, '020822'),
(1646, 'cccnnn', 'Pedroso', 'Candz', 'cands.pedroso@gmail.com', '09454157525', 'Novice', 'Shadow', 0, 1, 994293, 0, 'Aa-201310073'),
(1647, 'Edin10', 'Kanakan', 'Esnaidin', 'kanakanesnaidin@gmail.com', '09101775649', 'Novice', 'Shadow', 25, 1, 861470, 0, 'babyko101021'),
(1648, 'Kwamenaff', 'Aff', 'Kwamena', 'eddukuta@gmail.com', '', 'Novice', 'Shadow', 0, 1, 435469, 0, 'tsongaenergy'),
(1649, 'Markdiocre', 'Manuel', 'Mark Thaddeus', 'markmanu06@gmail.com', '09998527748', 'Novice', 'Bronze', 225, 0, 240640, 0, '207350manuel'),
(1650, 'Badong', 'De Jesus', 'Bernadette', 'bernadettedejesus100@gmail.com', '09771634684', 'Novice', 'Bronze', 200, 1, 688484, 0, 'B@d_0n912'),
(1651, 'nyroveja', 'Labo', 'Rynagh', 'rrynaghlabo31@gmail.com', '09174910946', 'Novice', 'Shadow', 25, 1, 770454, 0, '09498966312'),
(1652, 'Lucius', 'Mark', 'Mark', 'banyaimark87@gmail.com', '09364521365', 'Novice', 'Shadow', 0, 1, 351058, 0, 'Teracod87');

--
-- Indexes for dumped tables
--

--
-- Indexes for table `tbl_answerlogs`
--
ALTER TABLE `tbl_answerlogs`
  ADD PRIMARY KEY (`fld_id`);

--
-- Indexes for table `tbl_appointments`
--
ALTER TABLE `tbl_appointments`
  ADD PRIMARY KEY (`fld_id`);

--
-- Indexes for table `tbl_archivedcomments`
--
ALTER TABLE `tbl_archivedcomments`
  ADD PRIMARY KEY (`fld_commentid`);

--
-- Indexes for table `tbl_archivedevents`
--
ALTER TABLE `tbl_archivedevents`
  ADD PRIMARY KEY (`fld_id`);

--
-- Indexes for table `tbl_archivedforumcomments`
--
ALTER TABLE `tbl_archivedforumcomments`
  ADD PRIMARY KEY (`fld_id`);

--
-- Indexes for table `tbl_archivedforums`
--
ALTER TABLE `tbl_archivedforums`
  ADD PRIMARY KEY (`fld_id`);

--
-- Indexes for table `tbl_challengelogs`
--
ALTER TABLE `tbl_challengelogs`
  ADD PRIMARY KEY (`fld_id`);

--
-- Indexes for table `tbl_chats`
--
ALTER TABLE `tbl_chats`
  ADD PRIMARY KEY (`fld_id`);

--
-- Indexes for table `tbl_comments`
--
ALTER TABLE `tbl_comments`
  ADD PRIMARY KEY (`fld_commentid`);

--
-- Indexes for table `tbl_connections`
--
ALTER TABLE `tbl_connections`
  ADD PRIMARY KEY (`fld_id`);

--
-- Indexes for table `tbl_expertanswers`
--
ALTER TABLE `tbl_expertanswers`
  ADD PRIMARY KEY (`fld_id`);

--
-- Indexes for table `tbl_expertimages`
--
ALTER TABLE `tbl_expertimages`
  ADD PRIMARY KEY (`fld_id`);

--
-- Indexes for table `tbl_forumcomments`
--
ALTER TABLE `tbl_forumcomments`
  ADD PRIMARY KEY (`fld_id`);

--
-- Indexes for table `tbl_forums`
--
ALTER TABLE `tbl_forums`
  ADD PRIMARY KEY (`fld_id`);

--
-- Indexes for table `tbl_honors`
--
ALTER TABLE `tbl_honors`
  ADD PRIMARY KEY (`fld_id`);

--
-- Indexes for table `tbl_honorsbyforum`
--
ALTER TABLE `tbl_honorsbyforum`
  ADD PRIMARY KEY (`fld_id`);

--
-- Indexes for table `tbl_lessons`
--
ALTER TABLE `tbl_lessons`
  ADD PRIMARY KEY (`fld_lessonid`);

--
-- Indexes for table `tbl_messages`
--
ALTER TABLE `tbl_messages`
  ADD PRIMARY KEY (`fld_id`);

--
-- Indexes for table `tbl_money`
--
ALTER TABLE `tbl_money`
  ADD PRIMARY KEY (`fld_id`);

--
-- Indexes for table `tbl_private`
--
ALTER TABLE `tbl_private`
  ADD PRIMARY KEY (`fld_commentid`);

--
-- Indexes for table `tbl_reasons`
--
ALTER TABLE `tbl_reasons`
  ADD PRIMARY KEY (`fld_reasonid`);

--
-- Indexes for table `tbl_reported`
--
ALTER TABLE `tbl_reported`
  ADD PRIMARY KEY (`fld_id`);

--
-- Indexes for table `tbl_reportedbyforum`
--
ALTER TABLE `tbl_reportedbyforum`
  ADD PRIMARY KEY (`fld_id`);

--
-- Indexes for table `tbl_users`
--
ALTER TABLE `tbl_users`
  ADD PRIMARY KEY (`fld_id`);

--
-- AUTO_INCREMENT for dumped tables
--

--
-- AUTO_INCREMENT for table `tbl_answerlogs`
--
ALTER TABLE `tbl_answerlogs`
  MODIFY `fld_id` int(11) NOT NULL AUTO_INCREMENT, AUTO_INCREMENT=1046;

--
-- AUTO_INCREMENT for table `tbl_appointments`
--
ALTER TABLE `tbl_appointments`
  MODIFY `fld_id` int(11) NOT NULL AUTO_INCREMENT;

--
-- AUTO_INCREMENT for table `tbl_challengelogs`
--
ALTER TABLE `tbl_challengelogs`
  MODIFY `fld_id` int(11) NOT NULL AUTO_INCREMENT, AUTO_INCREMENT=65;

--
-- AUTO_INCREMENT for table `tbl_chats`
--
ALTER TABLE `tbl_chats`
  MODIFY `fld_id` int(11) NOT NULL AUTO_INCREMENT, AUTO_INCREMENT=327;

--
-- AUTO_INCREMENT for table `tbl_comments`
--
ALTER TABLE `tbl_comments`
  MODIFY `fld_commentid` int(11) NOT NULL AUTO_INCREMENT, AUTO_INCREMENT=202;

--
-- AUTO_INCREMENT for table `tbl_connections`
--
ALTER TABLE `tbl_connections`
  MODIFY `fld_id` int(11) NOT NULL AUTO_INCREMENT, AUTO_INCREMENT=87;

--
-- AUTO_INCREMENT for table `tbl_expertanswers`
--
ALTER TABLE `tbl_expertanswers`
  MODIFY `fld_id` int(11) NOT NULL AUTO_INCREMENT, AUTO_INCREMENT=18;

--
-- AUTO_INCREMENT for table `tbl_expertimages`
--
ALTER TABLE `tbl_expertimages`
  MODIFY `fld_id` int(11) NOT NULL AUTO_INCREMENT, AUTO_INCREMENT=44;

--
-- AUTO_INCREMENT for table `tbl_forumcomments`
--
ALTER TABLE `tbl_forumcomments`
  MODIFY `fld_id` int(11) NOT NULL AUTO_INCREMENT, AUTO_INCREMENT=85;

--
-- AUTO_INCREMENT for table `tbl_forums`
--
ALTER TABLE `tbl_forums`
  MODIFY `fld_id` int(11) NOT NULL AUTO_INCREMENT, AUTO_INCREMENT=47;

--
-- AUTO_INCREMENT for table `tbl_honors`
--
ALTER TABLE `tbl_honors`
  MODIFY `fld_id` int(11) NOT NULL AUTO_INCREMENT, AUTO_INCREMENT=125;

--
-- AUTO_INCREMENT for table `tbl_honorsbyforum`
--
ALTER TABLE `tbl_honorsbyforum`
  MODIFY `fld_id` int(11) NOT NULL AUTO_INCREMENT, AUTO_INCREMENT=141;

--
-- AUTO_INCREMENT for table `tbl_messages`
--
ALTER TABLE `tbl_messages`
  MODIFY `fld_id` int(11) NOT NULL AUTO_INCREMENT, AUTO_INCREMENT=23;

--
-- AUTO_INCREMENT for table `tbl_money`
--
ALTER TABLE `tbl_money`
  MODIFY `fld_id` int(11) NOT NULL AUTO_INCREMENT, AUTO_INCREMENT=30;

--
-- AUTO_INCREMENT for table `tbl_private`
--
ALTER TABLE `tbl_private`
  MODIFY `fld_commentid` int(11) NOT NULL AUTO_INCREMENT;

--
-- AUTO_INCREMENT for table `tbl_reasons`
--
ALTER TABLE `tbl_reasons`
  MODIFY `fld_reasonid` int(11) NOT NULL AUTO_INCREMENT, AUTO_INCREMENT=8;

--
-- AUTO_INCREMENT for table `tbl_reported`
--
ALTER TABLE `tbl_reported`
  MODIFY `fld_id` int(11) NOT NULL AUTO_INCREMENT, AUTO_INCREMENT=27;

--
-- AUTO_INCREMENT for table `tbl_reportedbyforum`
--
ALTER TABLE `tbl_reportedbyforum`
  MODIFY `fld_id` int(11) NOT NULL AUTO_INCREMENT, AUTO_INCREMENT=19;

--
-- AUTO_INCREMENT for table `tbl_users`
--
ALTER TABLE `tbl_users`
  MODIFY `fld_id` int(11) NOT NULL AUTO_INCREMENT, AUTO_INCREMENT=1653;
COMMIT;

/*!40101 SET CHARACTER_SET_CLIENT=@OLD_CHARACTER_SET_CLIENT */;
/*!40101 SET CHARACTER_SET_RESULTS=@OLD_CHARACTER_SET_RESULTS */;
/*!40101 SET COLLATION_CONNECTION=@OLD_COLLATION_CONNECTION */;
